Command	python/tests/docs/output/test_cli_output.py::test_exit_code_one_on_failure	documentation
Command	python/tests/docs/output/test_cli_output.py::test_exit_code_zero_on_pass	documentation
Command	python/tests/docs/output/test_errors_output.py::test_bare_assert_strict_abort	documentation
Command	python/tests/docs/output/test_errors_output.py::test_fixture_not_found	documentation
Command	python/tests/docs/output/test_errors_output.py::test_missing_mark_reason_strict_abort	documentation
Command	python/tests/docs/output/test_getting_started_output.py::test_failing_run_snapshot	documentation
Command	python/tests/docs/output/test_getting_started_output.py::test_passing_run_snapshot	documentation
Command	python/tests/docs/output/test_getting_started_output.py::test_single_test_snapshot	documentation
Command	python/tests/integration/test_affected.py::test_affected_full_verbose_shows_stages
Command	python/tests/integration/test_affected.py::test_affected_parallel_runs_subcommands_correctly
Command	python/tests/integration/test_affected.py::test_affected_verbose_summary
Command	python/tests/integration/test_affected.py::test_affected_works_in_git_worktree
Command	python/tests/integration/test_affected.py::test_affected_zero_results_shows_summary
Command	python/tests/integration/test_ancestor_declaration_homes.py::test_ancestor_init_that_raises_on_import_warns_and_the_run_continues
Command	python/tests/integration/test_ancestor_declaration_homes.py::test_undecodable_fixtures_home_reports_a_read_failure_not_a_syntax_error
Command	python/tests/integration/test_ancestor_declaration_homes.py::test_unparsable_ancestor_fixtures_home_is_a_collection_error
Command	python/tests/integration/test_ancestor_declaration_homes.py::test_unparsable_ancestor_init_warns_and_the_run_continues
Command	python/tests/integration/test_arrange.py::test_arrangement_default_passes
Command	python/tests/integration/test_arrange.py::test_arrangement_without_components
Command	python/tests/integration/test_basic.py::test_all_pass_exits_zero
Command	python/tests/integration/test_basic.py::test_all_skip_exits_zero
Command	python/tests/integration/test_basic.py::test_composed_parametrize_runs_cartesian_product
Command	python/tests/integration/test_basic.py::test_failure_exits_one
Command	python/tests/integration/test_basic.py::test_mixed_pass_and_fail
Command	python/tests/integration/test_basic.py::test_no_tests_collected
Command	python/tests/integration/test_basic.py::test_xfail_exits_zero
Command	python/tests/integration/test_cache.py::test_cache_created_on_firstrun_oxitest
Command	python/tests/integration/test_cache.py::test_failed_first_runs_all
Command	python/tests/integration/test_cache.py::test_failed_only_runs_subset
Command	python/tests/integration/test_cache.py::test_failed_strategy_parallel
Command	python/tests/integration/test_collection_profile.py::test_collection_profile_not_shown_by_default
Command	python/tests/integration/test_collection_profile.py::test_collection_profile_output
Command	python/tests/integration/test_collection_profile.py::test_collection_profile_shows_slowest_files
Command	python/tests/integration/test_color.py::test_color_always_emits_ansi_codes
Command	python/tests/integration/test_completions.py::test_completions_bash_outputs_script
Command	python/tests/integration/test_completions.py::test_completions_fish_outputs_script
Command	python/tests/integration/test_completions.py::test_completions_zsh_outputs_script
Command	python/tests/integration/test_coverage.py::test_cov_parallel_collects_coverage
Command	python/tests/integration/test_coverage.py::test_cov_report_html_generates_directory
Command	python/tests/integration/test_coverage.py::test_cov_report_none_suppresses_terminal
Command	python/tests/integration/test_coverage.py::test_cov_report_without_cov_fails
Command	python/tests/integration/test_coverage.py::test_cov_serial_collects_coverage
Command	python/tests/integration/test_debug.py::test_always_mode_on_failure
Command	python/tests/integration/test_debug.py::test_always_mode_on_pass
Command	python/tests/integration/test_debug.py::test_post_mortem_on_failure
Command	python/tests/integration/test_debug.py::test_post_mortem_on_pass
Command	python/tests/integration/test_debug.py::test_skip_not_debuggable
Command	python/tests/integration/test_deprecated_fixtures_subcmd.py::test_fixtures_subcmd_hidden_from_help
Command	python/tests/integration/test_deprecated_fixtures_subcmd.py::test_fixtures_subcmd_prints_deprecation_warning
Command	python/tests/integration/test_deprecated_fixtures_subcmd.py::test_fixtures_subcmd_still_lists_fixtures
Command	python/tests/integration/test_diagnostics_survive_collection_error.py::test_collapsed_count_appears_without_the_warnings_flag
Command	python/tests/integration/test_diagnostics_survive_collection_error.py::test_doctest_coverage_warning_survives_a_collection_error
Command	python/tests/integration/test_diagnostics_survive_collection_error.py::test_fx_boundary_refusal_carries_the_diagnostic
Command	python/tests/integration/test_diagnostics_survive_collection_error.py::test_misattributed_fixture_not_found_carries_its_cause
Command	python/tests/integration/test_diagnostics_survive_collection_error.py::test_passing_run_still_reports_the_registration_diagnostic
Command	python/tests/integration/test_diagnostics_survive_collection_error.py::test_the_drain_does_not_reach_the_ctrf_report
Command	python/tests/integration/test_diagnostics_survive_collection_error.py::test_the_session_channel_drains_too
Command	python/tests/integration/test_diagnostics_survive_collection_error.py::test_unrelated_collection_error_keeps_the_diagnostic
Command	python/tests/integration/test_doctest.py::test_doctest_coexists_with_regular_tests
Command	python/tests/integration/test_doctest.py::test_doctest_modules_collects_and_runs
Command	python/tests/integration/test_doctest.py::test_doctest_modules_off_by_default
Command	python/tests/integration/test_doctest.py::test_doctest_node_id_format
Command	python/tests/integration/test_doctest_coverage_alias.py::test_alias_cycle_produces_scanner_diagnostic
Command	python/tests/integration/test_doctest_coverage_alias.py::test_dedup_public_to_public_reexport
Command	python/tests/integration/test_doctest_coverage_alias.py::test_multi_hop_alias_reaches_class_docstring
Command	python/tests/integration/test_doctest_coverage_alias.py::test_single_hop_alias_from_private_source
Command	python/tests/integration/test_doctest_coverage_config.py::test_affected_run_reports_a_nonexistent_skip_entry
Command	python/tests/integration/test_doctest_coverage_config.py::test_doctest_section_parses
Command	python/tests/integration/test_doctest_coverage_config.py::test_invalid_scope_surfaces_deserializer_error
Command	python/tests/integration/test_doctest_coverage_config.py::test_legacy_doctest_modules_hard_errors
Command	python/tests/integration/test_doctest_coverage_config.py::test_list_form_scope_covers_only_named_symbol
Command	python/tests/integration/test_doctest_coverage_config.py::test_narrowed_run_inside_a_skip_prefix_succeeds
Command	python/tests/integration/test_doctest_coverage_config.py::test_scope_member_ellipsis_stub_method_surfaces_as_stale
Command	python/tests/integration/test_doctest_coverage_config.py::test_scope_member_form_covered_method_produces_no_diagnostic
Command	python/tests/integration/test_doctest_coverage_config.py::test_scope_member_form_missing_examples_header_is_diagnosed
Command	python/tests/integration/test_doctest_coverage_config.py::test_scope_member_form_missing_method_hard_fails_as_stale
Command	python/tests/integration/test_doctest_coverage_config.py::test_scope_member_pass_body_method_diagnoses_at_def_line
Command	python/tests/integration/test_doctest_coverage_config.py::test_scope_off_hard_errors_with_migration_hint
Command	python/tests/integration/test_doctest_coverage_config.py::test_skip_member_form_excludes_only_that_method
Command	python/tests/integration/test_doctest_coverage_config.py::test_skip_symbol_removes_only_that_symbol
Command	python/tests/integration/test_doctest_coverage_config.py::test_stale_scope_entry_hard_fails_under_abort
Command	python/tests/integration/test_doctest_coverage_config.py::test_unknown_oxitest_key_hard_exits
Command	python/tests/integration/test_doctest_coverage_config.py::test_whole_file_syntax_error_does_not_block_oxitest
Command	python/tests/integration/test_doctest_coverage_diagnostics.py::test_covered_subject_produces_no_diagnostic
Command	python/tests/integration/test_doctest_coverage_diagnostics.py::test_header_present_no_examples_produces_warning
Command	python/tests/integration/test_doctest_coverage_diagnostics.py::test_missing_header_produces_warning
Command	python/tests/integration/test_doctest_coverage_diagnostics.py::test_off_mode_emits_no_coverage_diagnostics
Command	python/tests/integration/test_doctest_coverage_parse_error.py::test_full_run_reports_unparsable_file_under_enforce
Command	python/tests/integration/test_doctest_coverage_parse_error.py::test_narrowed_run_still_reports_unparsable_file
Command	python/tests/integration/test_doctest_coverage_parse_error.py::test_scope_entry_in_unparsable_file_reports_parse_failure
Command	python/tests/integration/test_doctest_coverage_parse_error.py::test_skip_entry_in_unparsable_file_reports_parse_failure
Command	python/tests/integration/test_doctest_coverage_parse_error.py::test_strict_abort_hard_fails_on_parse_error
Command	python/tests/integration/test_doctest_coverage_parse_error.py::test_strict_off_silences_parse_error
Command	python/tests/integration/test_doctest_coverage_parse_error.py::test_unparsable_file_under_norecursedirs_is_silent
Command	python/tests/integration/test_doctest_coverage_required_hard_fail.py::test_abort_strict_returncode_reflects_coverage_gap
Command	python/tests/integration/test_doctest_coverage_required_hard_fail.py::test_abort_strict_with_full_coverage_returncode_zero
Command	python/tests/integration/test_doctest_declared_tree.py::test_a_narrowed_run_audits_the_whole_project_when_nothing_is_declared
Command	python/tests/integration/test_doctest_declared_tree.py::test_a_narrowed_run_does_not_execute_doctests_outside_it
Command	python/tests/integration/test_doctest_declared_tree.py::test_a_narrowed_run_still_audits_the_whole_declared_tree
Command	python/tests/integration/test_errors.py::test_an_invalid_filter_expression_exits_collect_error
Command	python/tests/integration/test_errors.py::test_an_unrecognised_flag_exits_usage_error
Command	python/tests/integration/test_errors.py::test_import_error_exits_collect_error
Command	python/tests/integration/test_errors.py::test_invalid_python_files_glob_exits_with_usage_error
Command	python/tests/integration/test_errors.py::test_no_test_files_found
Command	python/tests/integration/test_errors.py::test_syntax_error_exits_collect_error
Command	python/tests/integration/test_field_diffs.py::test_dataclass_field_diffs_shown
Command	python/tests/integration/test_field_diffs.py::test_non_dataclass_no_field_diffs
Command	python/tests/integration/test_fixture_cache.py::test_module_lifetime_breakdown_uses_qualified_name
Command	python/tests/integration/test_fixture_cache.py::test_module_lifetime_fixture_shows_cache_stats
Command	python/tests/integration/test_fixture_cache.py::test_no_shared_fixtures_no_cache_stats
Command	python/tests/integration/test_fixture_cache.py::test_shared_fixture_shows_cache_stats
Command	python/tests/integration/test_fixture_cache.py::test_verbose_shows_per_fixture_breakdown
Command	python/tests/integration/test_fixture_diagnostics.py::test_fixture_shadow_warning_in_output
Command	python/tests/integration/test_fixture_diagnostics.py::test_strict_abort_missing_return_annotation
Command	python/tests/integration/test_fixture_diagnostics.py::test_strict_abort_unused_fixture
Command	python/tests/integration/test_fixture_diagnostics.py::test_teardown_warning_includes_test_name
Command	python/tests/integration/test_fixture_ref.py::test_fixture_ref_in_parametrize_resolves_fixture
Command	python/tests/integration/test_fixture_scopes.py::test_shared_and_autouse_both_apply
Command	python/tests/integration/test_fixture_scopes.py::test_shared_fixture_with_parametrize
Command	python/tests/integration/test_fixture_scopes.py::test_skip_takes_precedence_over_xfail
Command	python/tests/integration/test_fixture_scopes.py::test_yield_fixture_teardown_lifo
Command	python/tests/integration/test_fixture_validation.py::test_did_you_mean_suggestion
Command	python/tests/integration/test_fixture_validation.py::test_fixture_typo_aborts_with_exit_code_3
Command	python/tests/integration/test_fixture_validation.py::test_valid_fixture_names_pass
Command	python/tests/integration/test_flags.py::test_affected_filters_to_changed_tests
Command	python/tests/integration/test_flags.py::test_affected_with_subdirectory_path
Command	python/tests/integration/test_flags.py::test_autouse_yield_fixture_teardown
Command	python/tests/integration/test_flags.py::test_capture_environment_prints_versions
Command	python/tests/integration/test_flags.py::test_class_based_tests_with_fixtures
Command	python/tests/integration/test_flags.py::test_debug_always_is_accepted
Command	python/tests/integration/test_flags.py::test_debug_always_with_plugin_backend
Command	python/tests/integration/test_flags.py::test_debug_with_passing_test_exits_0
Command	python/tests/integration/test_flags.py::test_durations_shows_fixture_timings
Command	python/tests/integration/test_flags.py::test_durations_shows_slowest_tests
Command	python/tests/integration/test_flags.py::test_exitfirst_conflicts_with_maxfail
Command	python/tests/integration/test_flags.py::test_expression_filter
Command	python/tests/integration/test_flags.py::test_expression_marker_filter
Command	python/tests/integration/test_flags.py::test_importorskip_skips_missing_module
Command	python/tests/integration/test_flags.py::test_inprocess_mark_runs_on_main_process
Command	python/tests/integration/test_flags.py::test_json_output
Command	python/tests/integration/test_flags.py::test_json_written_on_collection_failure
Command	python/tests/integration/test_flags.py::test_json_written_on_strict_abort
Command	python/tests/integration/test_flags.py::test_junit_and_json_agree_on_an_aborted_run
Command	python/tests/integration/test_flags.py::test_junit_written_on_collection_failure
Command	python/tests/integration/test_flags.py::test_junit_written_on_strict_abort
Command	python/tests/integration/test_flags.py::test_junit_xml_output
Command	python/tests/integration/test_flags.py::test_keep_tmp_cleans_on_pass
Command	python/tests/integration/test_flags.py::test_keep_tmp_preserves_on_failure
Command	python/tests/integration/test_flags.py::test_list_detailed_shows_marks_and_fixtures
Command	python/tests/integration/test_flags.py::test_list_prints_node_ids_and_exits_zero
Command	python/tests/integration/test_flags.py::test_parametrize_with_fixtures_in_parallel
Command	python/tests/integration/test_flags.py::test_query_tests_shows_parametrized_function
Command	python/tests/integration/test_flags.py::test_schedule_conflicts_with_serial
Command	python/tests/integration/test_flags.py::test_serial_flag
Command	python/tests/integration/test_flags.py::test_single_parametrize_case
Command	python/tests/integration/test_flags.py::test_tb_line_shows_compact_failure
Command	python/tests/integration/test_flags.py::test_tb_no_suppresses_traceback
Command	python/tests/integration/test_flags.py::test_timeout_cli_flag
Command	python/tests/integration/test_flags.py::test_v_with_quiet_is_valid
Command	python/tests/integration/test_flags.py::test_warns_captures_deprecation_warning
Command	python/tests/integration/test_gitignore.py::test_gitignore_respected
Command	python/tests/integration/test_gitignore.py::test_no_git_repo_works_normally
Command	python/tests/integration/test_gitignore.py::test_no_use_gitignore_disables_filtering
Command	python/tests/integration/test_graph_stability.py::test_fixture_edges_are_reciprocal
Command	python/tests/integration/test_graph_stability.py::test_fixture_scope_reflected_in_graph
Command	python/tests/integration/test_helper_retirement.py::test_helpers_is_no_longer_an_accepted_query_resource
Command	python/tests/integration/test_helper_retirement.py::test_stateless_utility_is_reachable_by_plain_import
Command	python/tests/integration/test_inspect.py::test_inspect_expression_filter_accepted
Command	python/tests/integration/test_inspect.py::test_inspect_fails_gracefully_without_tty
Command	python/tests/integration/test_inspect.py::test_inspect_invalid_expression_reports_error
Command	python/tests/integration/test_inspect.py::test_inspect_name_argument_accepted
Command	python/tests/integration/test_lazy_collection.py::test_lazy_collection_dynamic_file_falls_back_to_eager
Command	python/tests/integration/test_lazy_collection.py::test_lazy_collection_expression_filter
Command	python/tests/integration/test_lazy_collection.py::test_lazy_collection_last_failed_only_imports_matched
Command	python/tests/integration/test_lazy_collection.py::test_lazy_collection_no_filter_imports_all
Command	python/tests/integration/test_lazy_collection.py::test_lazy_collection_single_node_id_skips_other_modules
Command	python/tests/integration/test_list_count.py::test_list_count_basic
Command	python/tests/integration/test_list_count.py::test_list_count_multiple_files
Command	python/tests/integration/test_list_count.py::test_list_count_no_tests
Command	python/tests/integration/test_list_count.py::test_list_count_singular
Command	python/tests/integration/test_list_count.py::test_list_count_with_class
Command	python/tests/integration/test_maxfail_parallel.py::test_a_full_parallel_run_reports_no_crash_either
Command	python/tests/integration/test_maxfail_parallel.py::test_a_maxfail_run_reports_no_phantom_worker_crash
Command	python/tests/integration/test_maxfail_parallel.py::test_the_serial_path_reports_the_same_shape
Command	python/tests/integration/test_module_marks.py::test_oxi_mark_applies_to_all_tests
Command	python/tests/integration/test_module_marks.py::test_oxi_mark_per_test_override
Command	python/tests/integration/test_module_marks.py::test_oxi_mark_single_mark_not_list
Command	python/tests/integration/test_module_marks.py::test_oxi_mark_strict_validates_module_marks
Command	python/tests/integration/test_module_marks.py::test_oxi_mark_visible_to_expression_filter
Command	python/tests/integration/test_namespace_reachability.py::test_a_builtin_directory_does_not_warn
Command	python/tests/integration/test_namespace_reachability.py::test_a_declared_plugin_namespace_that_cannot_be_written_is_refused
Command	python/tests/integration/test_namespace_reachability.py::test_a_derived_dotted_plugin_namespace_warns
Command	python/tests/integration/test_namespace_reachability.py::test_a_keyword_directory_warns
Command	python/tests/integration/test_namespace_reachability.py::test_a_non_identifier_directory_warns
Command	python/tests/integration/test_namespace_reachability.py::test_a_soft_keyword_directory_does_not_warn
Command	python/tests/integration/test_namespace_reachability.py::test_an_inline_declaration_names_the_module_not_a_directory
Command	python/tests/integration/test_namespace_reachability.py::test_one_warning_per_namespace_not_per_declaration
Command	python/tests/integration/test_node_ids.py::test_run_class_method_node_id
Command	python/tests/integration/test_node_ids.py::test_run_class_prefix_selects_all_methods
Command	python/tests/integration/test_node_ids.py::test_run_mixed_path_and_node_id
Command	python/tests/integration/test_node_ids.py::test_run_multiple_node_ids
Command	python/tests/integration/test_node_ids.py::test_run_node_id_nonexistent_test_is_refused
Command	python/tests/integration/test_node_ids.py::test_run_parametrized_exact_case
Command	python/tests/integration/test_node_ids.py::test_run_parametrized_prefix_matches_all_cases
Command	python/tests/integration/test_node_ids.py::test_run_single_node_id
Command	python/tests/integration/test_node_ids.py::test_strict_with_node_id_no_false_unused
Command	python/tests/integration/test_node_ids.py::test_strict_with_single_file_no_false_unused
Command	python/tests/integration/test_parallel.py::test_serial_and_default_both_pass
Command	python/tests/integration/test_parallel.py::test_serial_and_default_same_counts
Command	python/tests/integration/test_parallel_context.py::test_parallel_failure_shows_worker_context
Command	python/tests/integration/test_parallel_stress.py::test_maxfail_stops_early_under_load
Command	python/tests/integration/test_parallel_stress.py::test_parallel_matches_serial_at_scale
Command	python/tests/integration/test_parallel_stress.py::test_shared_fixture_created_once_across_workers
Command	python/tests/integration/test_parallel_stress.py::test_worker_crash_reports_errors
Command	python/tests/integration/test_plugin_fixtures.py::test_a_plugin_anchor_mid_chain_does_not_stop_the_walk
Command	python/tests/integration/test_plugin_fixtures.py::test_autouse_enabled_fires_for_every_test
Command	python/tests/integration/test_plugin_fixtures.py::test_autouse_not_enabled_does_not_fire
Command	python/tests/integration/test_plugin_fixtures.py::test_declared_namespace_replaces_the_module_name
Command	python/tests/integration/test_plugin_fixtures.py::test_enabled_async_autouse_function_fixture_is_refused
Command	python/tests/integration/test_plugin_fixtures.py::test_package_lifetime_is_refused_naming_the_plugin
Command	python/tests/integration/test_plugin_fixtures.py::test_plugin_anchor_is_spelled_so_the_dedup_seed_matches
Command	python/tests/integration/test_plugin_fixtures.py::test_plugin_anchor_seed_matches_in_a_worker
Command	python/tests/integration/test_plugin_fixtures.py::test_plugin_anchor_seed_matches_when_imported_off_sys_path
Command	python/tests/integration/test_plugin_fixtures.py::test_plugin_fixture_appears_in_the_fixture_listing
Command	python/tests/integration/test_plugin_fixtures.py::test_plugin_fixture_is_ambient_in_a_deep_subdirectory
Command	python/tests/integration/test_plugin_fixtures.py::test_plugin_fixture_resolves_under_parallel_workers
Command	python/tests/integration/test_plugin_fixtures.py::test_plugin_fixture_resolves_via_qualified_path
Command	python/tests/integration/test_plugin_fixtures.py::test_plugin_fixture_resolves_via_shortcut
Command	python/tests/integration/test_plugin_fixtures.py::test_plugin_fixture_resolves_via_type_injection
Command	python/tests/integration/test_plugin_fixtures.py::test_plugin_inside_testpaths_registers_once
Command	python/tests/integration/test_plugin_fixtures.py::test_process_lifetime_is_accepted_off_tree
Command	python/tests/integration/test_plugin_fixtures.py::test_reserved_oxi_namespace_is_refused
Command	python/tests/integration/test_plugin_fixtures.py::test_the_shadow_notice_fires_when_a_user_home_shadows_the_plugin
Command	python/tests/integration/test_plugin_fixtures.py::test_user_declaration_shadows_the_plugin_fixture
Command	python/tests/integration/test_plugin_lifecycle.py::test_cli_extension_discovered_via_query_plugins
Command	python/tests/integration/test_plugin_lifecycle.py::test_execution_wrapper_intercepts_marked_tests
Command	python/tests/integration/test_plugin_lifecycle.py::test_fixture_provider_injects_into_tests
Command	python/tests/integration/test_plugin_lifecycle.py::test_fixtures_from_both_plugins_in_same_test
Command	python/tests/integration/test_plugin_lifecycle.py::test_help_shows_plugin_flags
Command	python/tests/integration/test_plugin_lifecycle.py::test_invalid_entrypoint_return_type_error
Command	python/tests/integration/test_plugin_lifecycle.py::test_missing_plugin_module_error
Command	python/tests/integration/test_plugin_lifecycle.py::test_plugin_config_precedence
Command	python/tests/integration/test_plugin_lifecycle.py::test_plugin_configs_independent
Command	python/tests/integration/test_plugin_lifecycle.py::test_plugin_receives_pyproject_settings
Command	python/tests/integration/test_plugin_lifecycle.py::test_plugin_with_cli_extension_activated_after_session
Command	python/tests/integration/test_plugin_lifecycle.py::test_plugin_without_extension_still_works
Command	python/tests/integration/test_plugin_lifecycle.py::test_prefix_collision_produces_error
Command	python/tests/integration/test_plugin_lifecycle.py::test_query_plugins_shows_both_sample_plugins
Command	python/tests/integration/test_plugin_lifecycle.py::test_reporter_receives_events_and_writes_output
Command	python/tests/integration/test_plugin_lifecycle.py::test_two_cli_extension_plugins_coexist
Command	python/tests/integration/test_plugin_lifecycle.py::test_two_plugins_active_simultaneously
Command	python/tests/integration/test_plugin_lifecycle.py::test_unknown_flag_rejected_without_plugins
Command	python/tests/integration/test_plugins.py::test_plugins_exits_zero
Command	python/tests/integration/test_plugins.py::test_plugins_no_plugins_configured
Command	python/tests/integration/test_plugins.py::test_plugins_with_configured_plugin
Command	python/tests/integration/test_query.py::test_query_detail_single
Command	python/tests/integration/test_query.py::test_query_fixtures_shows_docstring
Command	python/tests/integration/test_query.py::test_query_fixtures_uses_predicate
Command	python/tests/integration/test_query.py::test_query_invalid_predicate
Command	python/tests/integration/test_query.py::test_query_marks
Command	python/tests/integration/test_query.py::test_query_tests_count
Command	python/tests/integration/test_query.py::test_query_tests_jsonl
Command	python/tests/integration/test_query.py::test_query_tests_lists_all
Command	python/tests/integration/test_query.py::test_query_tests_uses_composed_with_mark
Command	python/tests/integration/test_query.py::test_query_tests_uses_exact_match
Command	python/tests/integration/test_query.py::test_query_tests_uses_predicate
Command	python/tests/integration/test_query.py::test_query_tests_uses_substring_match
Command	python/tests/integration/test_query.py::test_query_tests_with_expression
Command	python/tests/integration/test_query_color.py::test_detail_color_always_has_ansi
Command	python/tests/integration/test_query_color.py::test_detail_color_never_no_ansi
Command	python/tests/integration/test_query_color.py::test_detail_shows_source_with_highlighting
Command	python/tests/integration/test_retry.py::test_flaky_test_exits_0
Command	python/tests/integration/test_retry.py::test_flaky_test_retries_in_parallel
Command	python/tests/integration/test_retry.py::test_persistent_failure_exits_1
Command	python/tests/integration/test_retry.py::test_retries_zero_is_default
Command	python/tests/integration/test_scheduling_info.py::test_no_scheduling_info_without_verbose
Command	python/tests/integration/test_scheduling_info.py::test_verbose_shows_scheduling_decision
Command	python/tests/integration/test_scheduling_info.py::test_verbose_shows_serial_reason
Command	python/tests/integration/test_scheduling_info.py::test_verbose_shows_strategy
Command	python/tests/integration/test_show_flags.py::test_default_hides_internals
Command	python/tests/integration/test_show_flags.py::test_default_no_locals
Command	python/tests/integration/test_show_flags.py::test_show_internals_shows_bridge_frames
Command	python/tests/integration/test_show_flags.py::test_show_locals_displays_variables
Command	python/tests/integration/test_strict.py::test_no_strict_bare_assert_passes
Command	python/tests/integration/test_strict.py::test_strict_abort_exits_3
Command	python/tests/integration/test_strict.py::test_strict_abort_no_violations_exits_0
Command	python/tests/integration/test_strict.py::test_strict_enforce_reports_violations
Command	python/tests/integration/test_strict.py::test_strict_enforce_with_fixtures_and_clean_asserts
Command	python/tests/integration/test_tb.py::test_show_internals_conflict_with_tb_line
Command	python/tests/integration/test_tb.py::test_show_locals_conflict_with_tb_no
Command	python/tests/integration/test_tb.py::test_tb_detail_shows_box_chrome
Command	python/tests/integration/test_tb.py::test_tb_detail_shows_collection_diff
Command	python/tests/integration/test_tb.py::test_tb_detail_shows_diff
Command	python/tests/integration/test_tb.py::test_tb_detail_shows_source_line
Command	python/tests/integration/test_tb.py::test_tb_line_shows_one_liner
Command	python/tests/integration/test_tb.py::test_tb_no_suppresses_diagnostic
Command	python/tests/integration/test_timeout_ownership.py::test_a_deadline_does_not_leak_into_the_next_test
Command	python/tests/integration/test_timeout_ownership.py::test_a_nested_run_leaves_the_enclosing_test_its_deadline
Command	python/tests/integration/test_timeout_ownership.py::test_a_test_that_clears_the_timer_is_reported_as_warned
Command	python/tests/integration/test_tree.py::test_tree_basic_output
Command	python/tests/integration/test_tree.py::test_tree_cycle_exits_failure
Command	python/tests/integration/test_tree.py::test_tree_no_fixtures_shows_builtins
Command	python/tests/integration/test_tree.py::test_tree_shared_fixture
Command	python/tests/integration/test_unicode.py::test_unicode_test_name_renders_correctly
Command	python/tests/integration/test_version.py::test_short_version_flag
Command	python/tests/integration/test_version.py::test_version_flag_prints_version_and_exits_zero
Command	python/tests/integration/test_wildcard_node_ids.py::test_glob_function_name
Command	python/tests/integration/test_wildcard_node_ids.py::test_glob_no_match_runs_nothing
Command	python/tests/integration/test_wildcard_node_ids.py::test_glob_star_selects_all_in_file
Command	python/tests/integration/test_wildcard_node_ids.py::test_non_glob_prefix_matching_preserved
Command	python/tests/integration/test_worker_protocol_descriptor.py::test_fd_capture_does_not_swallow_a_worker_diagnostic
Command	python/tests/integration/test_worker_protocol_descriptor.py::test_fd_capture_returns_no_protocol_line
Command	python/tests/integration/test_worker_protocol_descriptor.py::test_std_capture_does_not_swallow_a_worker_diagnostic
Command	python/tests/integration/test_worker_protocol_descriptor.py::test_std_capture_returns_no_protocol_line
Command	python/tests/integration/test_worker_resilience.py::test_timeout_reported_per_test
Command	python/tests/integration/test_worker_resilience.py::test_worker_crash_reported_as_failure
Command	python/tests/integration/test_worker_stdout_classification.py::test_a_json_line_keeps_every_test_in_the_report
Command	python/tests/integration/test_worker_stdout_classification.py::test_the_serial_path_reports_the_same_count
Command	python/tests/test_alias_enforcement.py::test_aliased_fixture_in_fixtures_home_resolves
Command	python/tests/test_alias_enforcement.py::test_aliased_fixture_in_init_home_resolves
Command	python/tests/test_alias_enforcement.py::test_aliased_inline_over_cap_reports_every_offender
Command	python/tests/test_alias_enforcement.py::test_aliased_package_declaration_reaches_the_scheduler
Command	python/tests/test_alias_enforcement.py::test_aliased_process_outside_rootdir_is_rejected
Command	python/tests/test_alias_enforcement.py::test_decorator_only_fixtures_home_is_not_an_error
Command	python/tests/test_alias_enforcement.py::test_two_homes_in_one_directory_do_not_share_declarations
Command	python/tests/test_arrange_async.py::test_arrange_and_proxy_routes_build_once
Command	python/tests/test_arrange_async.py::test_arrange_missing_fixture_surfaces_as_error
Command	python/tests/test_arrange_async.py::test_arrange_scan_runs_once_per_test_not_per_parametrize_case
Command	python/tests/test_arrange_async.py::test_arrange_type_based_entry_resolves_via_get_by_type
Command	python/tests/test_arrange_async.py::test_arranged_async_fixture_tears_down_after_its_dependency
Command	python/tests/test_arrange_async.py::test_async_each_coroutine_only_fixture
Command	python/tests/test_arrange_async.py::test_async_each_fixture_on_sync_test_raises_arrange_error
Command	python/tests/test_arrange_async.py::test_async_test_without_arrange_uses_fresh_session_fallback
Command	python/tests/test_arrange_async.py::test_cross_loop_asyncio_task_usable_in_body
Command	python/tests/test_arrange_async.py::test_each_loop_created_lazily_and_closed_after_test
Command	python/tests/test_arrange_async.py::test_mixed_sync_async_teardown_lifo
Command	python/tests/test_arrange_async.py::test_multiple_illegal_entries_listed_in_one_diagnostic
Command	python/tests/test_arrange_async.py::test_per_test_loop_shared_across_setup_body_and_teardown
Command	python/tests/test_arrange_async.py::test_scan_is_all_or_nothing_no_partial_setup
Command	python/tests/test_arrange_async.py::test_shared_session_precedence_over_arrange_session
Command	python/tests/test_arrange_async.py::test_teardown_raise_does_not_halt_draining
Command	python/tests/test_arrange_async.py::test_two_async_each_fixtures_share_one_per_test_session
Command	python/tests/test_arrange_scheduling.py::test_a_type_entry_co_locates_its_tests
Command	python/tests/test_arrange_scheduling.py::test_a_type_entry_that_resolves_to_nothing_is_refused
Command	python/tests/test_arrange_scheduling.py::test_arrange_groups_at_function_tier
Command	python/tests/test_arrange_scheduling.py::test_arrange_groups_at_module_tier_on_the_runner
Command	python/tests/test_arrange_scheduling.py::test_arrange_reduces_builds_at_process_tier
Command	python/tests/test_arrange_scheduling.py::test_arrange_through_a_helper_groups_the_same
Command	python/tests/test_arrange_scheduling.py::test_consumption_form_does_not_change_scheduling
Command	python/tests/test_arrange_scheduling.py::test_module_lifetime_warning_fires_on_a_default_run
Command	python/tests/test_arrange_scheduling.py::test_module_lifetime_warning_fires_while_a_component_is_live
Command	python/tests/test_arrange_scheduling.py::test_module_tier_without_arrange_is_not_grouped
Command	python/tests/test_arrange_scheduling.py::test_sync_test_arranging_an_async_function_fixture_is_still_refused
Command	python/tests/test_arrange_scheduling.py::test_the_scheduling_diagnostic_names_the_user_spelling
Command	python/tests/test_async_guard_fail_closed.py::test_every_legal_async_cell_still_passes
Command	python/tests/test_async_guard_fail_closed.py::test_the_cells_that_stay_illegal_still_refuse
Command	python/tests/test_async_task_identity.py::test_arranged_fixture_context_reaches_its_teardown
Command	python/tests/test_async_task_identity.py::test_arranged_fixture_shares_the_body_task
Command	python/tests/test_async_task_identity.py::test_arranged_setup_failure_is_an_error_and_skips_the_body
Command	python/tests/test_async_task_identity.py::test_parameter_fixture_context_crosses_the_body
Command	python/tests/test_async_task_identity.py::test_parameter_fixture_shares_the_body_task
Command	python/tests/test_async_task_identity.py::test_phase_order_is_lifo
Command	python/tests/test_async_task_identity.py::test_plain_coroutine_arranged_fixture_runs_in_the_body_task
Command	python/tests/test_b1_collection_gate.py::test_a_deselected_module_is_not_judged_against_a_narrowed_catalog
Command	python/tests/test_b1_collection_gate.py::test_a_selected_violation_is_still_refused_under_the_same_filter
Command	python/tests/test_b1_collection_gate.py::test_every_unreachable_violation_is_refused_before_any_test_runs
Command	python/tests/test_b1_collection_gate.py::test_the_anchor_package_still_resolves_its_own_fixture
Command	python/tests/test_b1_collection_gate.py::test_the_refusal_does_not_depend_on_the_execution_mode
Command	python/tests/test_check_band_record.py::test_the_parsed_doctest_set_agrees_with_the_suite	tooling
Command	python/tests/test_cli_output.py::test_default_hides_passing_tests
Command	python/tests/test_cli_output.py::test_default_shows_summary_for_all_passing
Command	python/tests/test_cli_output.py::test_failure_diagnostic_shown_in_default
Command	python/tests/test_cli_output.py::test_failure_output
Command	python/tests/test_cli_output.py::test_parallel_failure_diagnostics_match_serial
Command	python/tests/test_cli_output.py::test_verbose_failure_node_id_shown
Command	python/tests/test_cwd_guard.py::test_a_quietly_poisoning_test_does_not_report_success
Command	python/tests/test_cwd_guard.py::test_a_wide_tier_teardown_that_deletes_the_cwd_is_reported
Command	python/tests/test_cwd_guard.py::test_the_poisoning_test_is_named
Command	python/tests/test_cwd_guard.py::test_the_victim_survives_a_poisoned_working_directory
Command	python/tests/test_declaration_refusals.py::test_a_class_method_fixture_is_refused_end_to_end
Command	python/tests/test_declaration_refusals.py::test_a_plain_generator_test_is_still_refused
Command	python/tests/test_declaration_refusals.py::test_a_plain_test_returning_a_value_still_violates_strict
Command	python/tests/test_declaration_refusals.py::test_the_strict_return_overlap_reports_the_overlap
Command	python/tests/test_declaration_refusals.py::test_the_yield_overlap_reports_the_overlap_not_the_generator
Command	python/tests/test_dependency_teardown_boundary.py::test_addfinalizer_runs_at_the_owning_fixtures_boundary
Command	python/tests/test_dependency_teardown_boundary.py::test_async_wide_fixture_survives_the_first_test
Command	python/tests/test_dependency_teardown_boundary.py::test_function_lifetime_still_disposes_per_test
Command	python/tests/test_dependency_teardown_boundary.py::test_nested_function_fixture_follows_the_wide_owner
Command	python/tests/test_dependency_teardown_boundary.py::test_plugin_fixture_survives_the_first_test
Command	python/tests/test_dependency_teardown_boundary.py::test_tempdir_survives_the_first_test
Command	python/tests/test_diagnostic_path_format.py::test_the_notice_does_not_change_with_the_working_directory
Command	python/tests/test_diagnostic_path_format.py::test_the_run_announces_its_rootdir
Command	python/tests/test_diagnostic_path_format.py::test_the_shadow_notice_names_no_absolute_path
Command	python/tests/test_fixture_freeze_boundary.py::test_a_refused_write_carries_the_fix_suggestion
Command	python/tests/test_fixture_freeze_boundary.py::test_the_freeze_boundary_falls_between_function_and_module
Command	python/tests/test_fixtures_redesign_async.py::test_async_fixtures_arrive_awaited
Command	python/tests/test_fixtures_redesign_async.py::test_async_module_lifetime_holds_in_parallel
Command	python/tests/test_fixtures_redesign_async.py::test_function_generator_is_disposed_within_its_test
Command	python/tests/test_fixtures_redesign_async.py::test_function_lifetime_rebuilds_per_test
Command	python/tests/test_fixtures_redesign_async.py::test_module_generator_is_disposed_at_the_module_boundary
Command	python/tests/test_fixtures_redesign_async.py::test_module_lifetime_builds_once_per_module
Command	python/tests/test_fixtures_redesign_async.py::test_no_never_awaited_warning
Command	python/tests/test_fixtures_redesign_async.py::test_sync_test_reaching_an_async_fixture_is_rejected
Command	python/tests/test_fixtures_redesign_slice1.py::test_decorated_fixture_raising_surfaces_error
Command	python/tests/test_fixtures_redesign_slice1.py::test_module_source_end_to_end
Command	python/tests/test_fixtures_redesign_slice1.py::test_syntax_error_in_fixtures_py_diagnoses
Command	python/tests/test_fixtures_redesign_slice1.py::test_warm_cache_preserves_fixture_registration
Command	python/tests/test_fixtures_redesign_slice2.py::test_disposal_happens_at_the_module_boundary
Command	python/tests/test_fixtures_redesign_slice2.py::test_exitfirst_still_disposes
Command	python/tests/test_fixtures_redesign_slice2.py::test_failing_module_teardown_is_reported
Command	python/tests/test_fixtures_redesign_slice2.py::test_failing_shared_teardown_is_reported
Command	python/tests/test_fixtures_redesign_slice2.py::test_lifetime_inversion_resolves_without_crashing
Command	python/tests/test_fixtures_redesign_slice2.py::test_module_lifetime_holds_in_parallel
Command	python/tests/test_fixtures_redesign_slice2.py::test_old_shared_fixture_api_unaffected
Command	python/tests/test_fixtures_redesign_slice2.py::test_one_instance_and_one_disposal_per_module
Command	python/tests/test_fixtures_redesign_slice3.py::test_a_subdirectory_without_init_py_shares_the_ancestor_instance
Command	python/tests/test_fixtures_redesign_slice3.py::test_declared_in_init_py_and_shared_across_the_package
Command	python/tests/test_fixtures_redesign_slice3.py::test_disposal_happens_once_after_every_module
Command	python/tests/test_fixtures_redesign_slice3.py::test_exactly_once_survives_parallel_execution
Command	python/tests/test_fixtures_redesign_slice3.py::test_no_collapse_warning_without_a_package_declaration
Command	python/tests/test_fixtures_redesign_slice3.py::test_the_collapse_is_announced
Command	python/tests/test_fixtures_redesign_slice3.py::test_the_fixture_is_found_in_init_py
Command	python/tests/test_fixtures_redesign_slice4.py::test_a_project_declaring_no_testpaths_keeps_its_process_fixture_legal
Command	python/tests/test_fixtures_redesign_slice4.py::test_a_test_less_declared_testpath_does_not_move_the_rootdir_package
Command	python/tests/test_fixtures_redesign_slice4.py::test_an_explicitly_dot_declared_testpath_still_matches_its_anchor
Command	python/tests/test_fixtures_redesign_slice4.py::test_disjoint_declared_roots_make_the_project_root_the_rootdir_package
Command	python/tests/test_fixtures_redesign_slice4.py::test_every_instance_is_torn_down
Command	python/tests/test_fixtures_redesign_slice4.py::test_every_test_sees_its_own_workers_instance
Command	python/tests/test_fixtures_redesign_slice4.py::test_rule_4_verdict_does_not_depend_on_how_the_run_was_invoked
Command	python/tests/test_fixtures_redesign_slice4.py::test_session_below_the_rootdir_package_is_rejected
Command	python/tests/test_fixtures_redesign_slice4.py::test_session_fixture_is_built_once_in_a_serial_run
Command	python/tests/test_fixtures_redesign_slice4.py::test_the_parallel_run_actually_uses_more_than_one_worker
Command	python/tests/test_fixtures_redesign_slice4.py::test_the_rule_4_hint_says_when_the_root_came_from_declared_testpaths
Command	python/tests/test_fixtures_redesign_slice4.py::test_the_rule_4_hint_says_when_the_root_was_implied_by_layout
Command	python/tests/test_fixtures_redesign_slice4.py::test_the_session_fixture_is_built_once_per_worker
Command	python/tests/test_fixtures_redesign_slice4.py::test_the_undeclared_rootdir_package_is_also_invocation_independent
Command	python/tests/test_fixtures_redesign_slice5.py::test_a_module_level_mark_object_does_not_break_registration
Command	python/tests/test_fixtures_redesign_slice5.py::test_a_narrowed_run_advises_the_inline_remedy_not_the_qualified_form
Command	python/tests/test_fixtures_redesign_slice5.py::test_an_aliased_inline_fixture_survives_a_warm_cache_too
Command	python/tests/test_fixtures_redesign_slice5.py::test_another_files_inline_fixture_is_refused_at_collection
Command	python/tests/test_fixtures_redesign_slice5.py::test_inline_fixture_is_not_injectable_across_files
Command	python/tests/test_fixtures_redesign_slice5.py::test_inline_fixtures_survive_a_warm_module_cache
Command	python/tests/test_fixtures_redesign_slice5.py::test_inline_fixtures_work_end_to_end
Command	python/tests/test_fixtures_redesign_slice5.py::test_inline_package_lifetime_is_rejected
Command	python/tests/test_fixtures_redesign_slice5.py::test_inline_session_at_the_rootdir_package_is_rejected
Command	python/tests/test_fixtures_redesign_slice5.py::test_the_declaring_module_still_reaches_its_own_inline_fixture
Command	python/tests/test_fixtures_redesign_slice6.py::test_a_fixture_cannot_depend_below_its_own_anchor
Command	python/tests/test_fixtures_redesign_slice6.py::test_cross_boundary_access_is_a_boundary_error
Command	python/tests/test_fixtures_redesign_slice6.py::test_the_collection_validator_stays_name_based
Command	python/tests/test_fixtures_redesign_slice6.py::test_the_injection_route_refuses_a_cross_boundary_fixture
Command	python/tests/test_fixtures_redesign_slice6.py::test_the_legal_access_in_the_same_project_still_passes
Command	python/tests/test_fixtures_redesign_slice6.py::test_the_legal_tree_passes_whole
Command	python/tests/test_fixtures_redesign_slice6.py::test_the_prefix_sibling_is_not_treated_as_a_descendant
Command	python/tests/test_fixtures_redesign_slice6.py::test_unknown_namespace_is_not_reported_as_a_boundary
Command	python/tests/test_fixtures_redesign_slice7.py::test_a_sync_test_cannot_shortcut_to_an_async_fixture
Command	python/tests/test_fixtures_redesign_slice7.py::test_the_anchor_packages_own_shortcut_still_succeeds
Command	python/tests/test_fixtures_redesign_slice7.py::test_the_legal_tree_passes_whole
Command	python/tests/test_fixtures_redesign_slice7.py::test_the_not_found_diagnostic_does_not_vary_with_scheduling
Command	python/tests/test_fixtures_redesign_slice7.py::test_the_shortcut_does_not_cross_a_b1_boundary
Command	python/tests/test_fixtures_redesign_slice9.py::test_a_nested_declaration_opts_its_subtree_out
Command	python/tests/test_fixtures_redesign_slice9.py::test_autouse_and_explicit_request_share_one_instance
Command	python/tests/test_fixtures_redesign_slice9.py::test_autouse_fires_once_per_lifetime_boundary
Command	python/tests/test_fixtures_redesign_slice9.py::test_autouse_fires_widest_lifetime_first
Command	python/tests/test_fixtures_redesign_slice9.py::test_process_autouse_fires_once_in_a_serial_run
Command	python/tests/test_fixtures_redesign_slice9.py::test_process_autouse_fires_once_per_resolving_process
Command	python/tests/test_fixtures_redesign_slice9.py::test_the_optout_is_announced
Command	python/tests/test_fixtures_redesign_slice9.py::test_the_parallel_run_actually_uses_more_than_one_process
Command	python/tests/test_fixtures_repurposed.py::test_the_fixtures_type_still_annotates_the_proxy
Command	python/tests/test_function_tier_cache.py::test_async_param_and_proxy_routes_build_once
Command	python/tests/test_function_tier_cache.py::test_async_proxy_routes_build_once
Command	python/tests/test_function_tier_cache.py::test_async_returning_fixture_converges_on_both_routes
Command	python/tests/test_function_tier_cache.py::test_async_routes_converge_under_parallel_scheduler
Command	python/tests/test_function_tier_cache.py::test_autouse_instance_is_what_the_test_observes
Command	python/tests/test_function_tier_cache.py::test_consecutive_tests_get_distinct_instances
Command	python/tests/test_function_tier_cache.py::test_param_and_proxy_share_one_build
Command	python/tests/test_function_tier_cache.py::test_wider_tiers_keep_their_build_counts
Command	python/tests/test_function_tier_cache.py::test_yield_teardown_runs_exactly_once_per_test
Command	python/tests/test_killed_worker_process_teardown_warning.py::test_a_killed_worker_warns_and_names_the_declared_fixtures
Command	python/tests/test_killed_worker_process_teardown_warning.py::test_a_suite_without_the_tier_sees_no_warning
Command	python/tests/test_locale_codec_regression.py::test_a_non_ascii_project_path_still_reports_its_results	tooling
Command	python/tests/test_locale_codec_regression.py::test_fdcapture_round_trips_non_ascii_output	tooling
Command	python/tests/test_locale_codec_regression.py::test_the_console_script_declares_utf8_too	tooling
Command	python/tests/test_module_identity_e2e.py::test_both_symptoms_are_fixed_in_both_layouts
Command	python/tests/test_module_lifetime_phases.py::test_a_declaring_module_reached_through_the_proxy_builds_once
Command	python/tests/test_module_lifetime_phases.py::test_a_declaring_module_with_many_items_builds_once
Command	python/tests/test_module_lifetime_phases.py::test_a_mixed_declaring_module_builds_its_fixture_once
Command	python/tests/test_module_lifetime_phases.py::test_a_mixed_module_without_a_module_tier_fixture_still_splits
Command	python/tests/test_module_lifetime_phases.py::test_an_arranged_declaring_module_builds_its_fixture_once
Command	python/tests/test_module_lifetime_phases.py::test_the_rule_is_inert_in_a_serial_run
Command	python/tests/test_package_boundary.py::test_a_nested_async_package_is_disposed_innermost_first_in_a_worker
Command	python/tests/test_package_boundary.py::test_a_nested_async_package_is_disposed_inside_its_ancestors_boundary
Command	python/tests/test_package_boundary.py::test_a_nested_declaring_package_is_disposed_inside_its_ancestors_boundary
Command	python/tests/test_package_boundary.py::test_a_package_is_disposed_before_its_sibling_starts
Command	python/tests/test_package_boundary.py::test_an_async_package_is_disposed_before_its_sibling_starts
Command	python/tests/test_package_subtree_one_phase.py::test_an_async_package_fixture_is_built_once_across_the_subtree
Command	python/tests/test_package_subtree_one_phase.py::test_an_inprocess_mark_does_not_split_a_declaring_package_subtree
Command	python/tests/test_package_subtree_one_phase.py::test_arrangement_does_not_split_a_declaring_package_subtree
Command	python/tests/test_package_subtree_one_phase.py::test_the_outermost_anchor_claims_a_nested_declaring_subtree
Command	python/tests/test_process_lifetime_builtin_deps.py::test_a_plain_test_and_a_process_fixture_get_distinct_factories
Command	python/tests/test_process_lifetime_builtin_deps.py::test_process_lifetime_teardown_still_sees_its_factory_directory
Command	python/tests/test_process_tier_async.py::test_an_async_process_fixture_is_built_once_per_process
Command	python/tests/test_process_tier_async.py::test_an_async_process_fixture_is_never_used_after_teardown
Command	python/tests/test_process_tier_coordinator.py::test_a_task_scoped_fixture_is_not_reused_across_coordinator_phases
Command	python/tests/test_process_tier_coordinator.py::test_the_coordinator_actually_ran_two_phases
Command	python/tests/test_process_tier_coordinator.py::test_the_coordinator_builds_the_fixture_at_most_once
Command	python/tests/test_process_tier_interrupt.py::test_an_interrupted_run_still_tears_down_the_process_tier
Command	python/tests/test_process_tier_interrupt.py::test_an_interrupted_run_tears_down_an_async_process_fixture
Command	python/tests/test_process_tier_negatives.py::test_serial_and_one_worker_agree
Command	python/tests/test_process_tier_negatives.py::test_the_builtin_factory_is_still_rebuilt_per_task_group
Command	python/tests/test_process_tier_negatives.py::test_the_process_tier_is_built_once_per_process
Command	python/tests/test_provided_type.py::test_a_named_fixture_with_the_wrong_type_is_named_in_the_error
Command	python/tests/test_provided_type.py::test_two_competitors_do_not_hide_the_named_yield_fixture
Command	python/tests/test_proxy_str_acceptance.py::test_cached_fixture_values_render_their_value
Command	python/tests/test_returns_none.py::test_a_skipped_generator_test_is_still_refused
Command	python/tests/test_returns_none.py::test_a_wrapped_generator_test_is_caught_at_runtime
Command	python/tests/test_returns_none.py::test_an_async_test_returning_a_generator_is_caught_at_runtime
Command	python/tests/test_returns_none.py::test_async_generator_is_refused_identically
Command	python/tests/test_returns_none.py::test_generator_method_in_a_test_class_is_refused
Command	python/tests/test_returns_none.py::test_returning_a_value_is_a_strict_violation
Command	python/tests/test_returns_none.py::test_returning_a_value_is_silent_when_strict_is_off
Command	python/tests/test_returns_none.py::test_sync_generator_is_refused_at_collection
Command	python/tests/test_rootdir_import.py::test_doctests_inherit_the_path_entry
Command	python/tests/test_rootdir_import.py::test_import_spelling_is_stable_across_invocations
Command	python/tests/test_rootdir_import.py::test_inspect_resolves_tree_imports
Command	python/tests/test_rootdir_import.py::test_installed_distribution_wins_over_the_tree
Command	python/tests/test_rootdir_import.py::test_parallel_run_resolves_tree_imports
Command	python/tests/test_rootdir_import.py::test_serial_run_resolves_tree_imports
Command	python/tests/test_target_relative_base.py::test_a_relative_target_reaches_the_project_package
Command	python/tests/test_target_relative_base.py::test_a_relative_target_resolves_through_a_symlinked_working_directory
Command	python/tests/test_target_relative_base.py::test_an_absent_relative_target_is_still_refused
Command	python/tests/test_target_relative_base.py::test_argument_order_does_not_decide_whether_tests_run
Command	python/tests/test_target_relative_base.py::test_every_relative_spelling_runs_the_test_it_names
Command	python/tests/test_target_relative_base.py::test_no_argument_collects_the_whole_subtree_from_below_the_root
Command	python/tests/test_target_validation.py::test_absent_directory_target_refuses
Command	python/tests/test_target_validation.py::test_absent_literal_node_id_refuses
Command	python/tests/test_target_validation.py::test_absent_node_id_refusal_is_spelled_relative_to_rootdir
Command	python/tests/test_target_validation.py::test_absent_path_target_refuses
Command	python/tests/test_target_validation.py::test_absent_target_first_does_not_silently_discard_the_rest
Command	python/tests/test_target_validation.py::test_control_run_passes
Command	python/tests/test_target_validation.py::test_every_subcommand_refuses_an_absent_target
Command	python/tests/test_target_validation.py::test_last_failed_with_no_prior_failures_still_exits_zero
Command	python/tests/test_target_validation.py::test_one_absent_target_refuses_the_whole_run
Command	python/tests/test_target_validation.py::test_two_absent_targets_are_both_reported
Command	python/tests/test_target_validation.py::test_valid_literal_node_id_target_passes
Command	python/tests/test_target_validation.py::test_valid_target_holding_no_tests_still_exits_zero
Command	python/tests/test_target_validation.py::test_zero_match_glob_node_id_still_exits_zero
Command	python/tests/test_teardown_callback_diagnostics.py::test_a_failing_undo_does_not_strand_the_undos_behind_it
Command	python/tests/test_teardown_callback_diagnostics.py::test_a_raising_addfinalizer_callback_is_reported
Command	python/tests/test_teardown_callback_diagnostics.py::test_a_raising_builtin_cleanup_is_reported
Command	python/tests/test_teardown_callback_diagnostics.py::test_a_yield_fixture_failure_is_not_also_reported_as_a_callback
Command	python/tests/test_teardown_callback_diagnostics.py::test_the_run_is_not_aborted_by_a_raising_callback
Command	python/tests/test_teardown_registration.py::test_a_process_lifetime_teardown_registration_is_reported
Command	python/tests/test_test_identity.py::test_a_test_may_not_declare_test_identity
Command	python/tests/test_test_identity.py::test_a_wider_lifetime_fixture_may_not_declare_test_identity
Command	python/tests/test_test_identity.py::test_every_function_lifetime_route_carries_identity
Command	python/tests/test_test_identity.py::test_identity_is_refused_beneath_a_wider_consumer
Command	python/tests/test_test_identity.py::test_the_async_route_carries_identity
Command	python/tests/test_testcontext_current.py::test_a_failed_resolution_does_not_leak_identity_into_a_wide_teardown
Command	python/tests/test_testcontext_current.py::test_a_raised_resolution_does_not_leak_identity_in_a_worker
Command	python/tests/test_testcontext_current.py::test_a_raised_resolution_does_not_leak_identity_into_a_wide_teardown
Command	python/tests/test_testcontext_current.py::test_every_position_behaves_in_worker_subprocesses
Command	python/tests/test_testcontext_current.py::test_every_position_behaves_under_wide_async_promotion
Command	python/tests/test_testcontext_identity.py::test_a_fixture_reading_ctx_name_fails_the_run
Command	python/tests/test_testcontext_identity.py::test_the_supported_uses_of_ctx_all_still_pass
Command	python/tests/test_union_annotation.py::test_a_union_and_its_typing_spelling_resolve_the_same_way
Command	python/tests/test_usage_error_exit_code.py::test_a_defective_plugin_exits_collect_error
Command	python/tests/test_usage_error_exit_code.py::test_a_plugin_raising_a_bare_import_error_is_defective
Command	python/tests/test_usage_error_exit_code.py::test_a_reserved_plugin_namespace_exits_usage_error
Command	python/tests/test_usage_error_exit_code.py::test_a_test_that_requests_test_identity_exits_usage_error
Command	python/tests/test_usage_error_exit_code.py::test_a_valid_plugin_namespace_exits_success
Command	python/tests/test_usage_error_exit_code.py::test_an_absent_parent_package_exits_usage_error
Command	python/tests/test_usage_error_exit_code.py::test_an_absent_plugin_exits_usage_error
Command	python/tests/test_usage_error_exit_code.py::test_an_installed_plugin_with_an_absent_dependency_names_it
Command	python/tests/test_usage_error_exit_code.py::test_the_exit_code_does_not_depend_on_the_execution_mode
Command	python/tests/test_usage_error_exit_vote.py::test_a_usage_error_outranks_an_assertion_failure
Command	python/tests/test_usage_error_exit_vote.py::test_the_async_dependency_refusal_exits_usage_error
Command	python/tests/test_usage_error_exit_vote.py::test_two_violation_sites_in_one_run_report_both
Command	python/tests/test_warncapture.py::test_captured_warnings_not_in_report
Command	python/tests/test_worker.py::test_worker_emits_structured_failure_fields
Command	python/tests/test_worker.py::test_worker_handles_malformed_json_gracefully
Command	python/tests/test_worker.py::test_worker_result_has_required_fields
Command	python/tests/test_worker.py::test_worker_runs_failing_test
Command	python/tests/test_worker.py::test_worker_runs_passing_test
Command	python/tests/test_worker_diagnostics.py::test_parallel_reports_kept_tmp_notices
Command	python/tests/test_worker_diagnostics.py::test_parallel_reports_teardown_failures_like_serial
Command	python/tests/test_worker_diagnostics.py::test_serial_reports_every_teardown_failure
Command	python/tests/test_worker_fixture_modules.py::test_cross_package_access_is_rejected_identically_in_serial_and_parallel
Command	python/tests/test_worker_fixture_modules.py::test_fixtures_resolve_on_a_warm_cache
Command	python/tests/test_worker_fixture_modules.py::test_own_package_fixtures_resolve_in_workers
Command	python/tests/test_worker_fixture_modules.py::test_slice1_repro_project_passes_under_n
Command	python/tests/test_worker_protocol.py::test_a_rejected_task_message_survives_a_non_utf8_locale
Command	python/tests/test_worker_protocol.py::test_worker_accepts_a_task_missing_rootdir
Command	python/tests/test_worker_protocol.py::test_worker_runs_every_module_in_one_task
Command	python/tests/test_worker_protocol.py::test_worker_subprocess_rejects_a_stale_task
Command	python/tests/test_worker_sequential.py::test_one_worker_runs_one_test_item_at_a_time
Command	python/tests/test_worker_session_teardown.py::test_shared_fixture_teardown_runs_in_worker
Command	python/tests/test_worker_session_teardown.py::test_tempdir_factory_cleaned_up_in_parallel
Command	python/tests/test_worker_session_teardown.py::test_tempdir_factory_survives_a_worker_draining_several_task_groups
Command	python/tests/test_worker_stdout_non_protocol.py::test_a_plain_print_does_not_delete_the_result
Command	python/tests/test_worker_stdout_non_protocol.py::test_an_uncaptured_child_process_does_not_kill_the_worker
Command	python/tests/test_worker_stdout_non_protocol.py::test_raw_bytes_on_fd1_do_not_kill_the_worker
Crate	src/affected.rs::tests::classify_declaration_file_detected
Crate	src/affected.rs::tests::classify_diagnostics_counts_non_python
Crate	src/affected.rs::tests::classify_empty_input
Crate	src/affected.rs::tests::classify_init_file_is_a_declaration_too
Crate	src/affected.rs::tests::classify_no_pyproject_does_not_run_all
Crate	src/affected.rs::tests::classify_non_python_ignored
Crate	src/affected.rs::tests::classify_pyproject_triggers_run_all
Crate	src/affected.rs::tests::declaration_subtree_includes_tests_below
Crate	src/affected.rs::tests::declaration_subtree_no_match
Crate	src/affected.rs::tests::declaration_subtree_root_declaration_affects_all
Crate	src/affected.rs::tests::diagnostics_populated_from_classify
Crate	src/affected.rs::tests::directly_changed_no_match
Crate	src/affected.rs::tests::directly_changed_test_files_included
Crate	src/affected.rs::tests::parse_diff_empty_output
Crate	src/affected.rs::tests::parse_diff_multiple_files
Crate	src/affected.rs::tests::parse_diff_single_file
Crate	src/affected.rs::tests::parse_diff_trailing_newlines_ignored
Crate	src/assert_rewriter.rs::tests::bare_assert_ctx_empty_stack_records_nothing
Crate	src/assert_rewriter.rs::tests::bare_assert_ctx_multiple_functions_after_pop
Crate	src/assert_rewriter.rs::tests::bare_assert_ctx_nested_functions_attributed_to_outermost
Crate	src/assert_rewriter.rs::tests::bare_assert_ctx_single_function
Crate	src/assert_rewriter.rs::tests::make_assign_produces_correct_node
Crate	src/assert_rewriter.rs::tests::make_call_produces_correct_node
Crate	src/assert_rewriter.rs::tests::make_constant_produces_correct_node
Crate	src/assert_rewriter.rs::tests::make_name_load_produces_correct_node
Crate	src/assert_rewriter.rs::tests::make_name_store_produces_correct_node
Crate	src/assert_rewriter.rs::tests::make_raise_produces_correct_node
Crate	src/assert_rewriter.rs::tests::op_str_known_operators
Crate	src/assert_rewriter.rs::tests::op_str_unknown_operator_returns_none
Crate	src/bare_asserts.rs::tests::assert_inside_if
Crate	src/bare_asserts.rs::tests::assert_inside_try
Crate	src/bare_asserts.rs::tests::assert_with_message_not_flagged
Crate	src/bare_asserts.rs::tests::async_test_function
Crate	src/bare_asserts.rs::tests::class_method
Crate	src/bare_asserts.rs::tests::from_ast_matches_from_file
Crate	src/bare_asserts.rs::tests::multiple_bare_asserts
Crate	src/bare_asserts.rs::tests::multiple_test_functions
Crate	src/bare_asserts.rs::tests::no_bare_asserts
Crate	src/bare_asserts.rs::tests::nonexistent_file_returns_empty
Crate	src/bare_asserts.rs::tests::prunes_nested_functions
Crate	src/bare_asserts.rs::tests::single_bare_assert
Crate	src/bare_asserts.rs::tests::skips_non_test_class
Crate	src/bare_asserts.rs::tests::skips_non_test_functions
Crate	src/bare_asserts.rs::tests::syntax_error_returns_empty
Crate	src/cache/mod.rs::tests::adding_a_test_changes_the_fingerprint
Crate	src/cache/mod.rs::tests::cache_json_serialization_is_deterministic
Crate	src/cache/mod.rs::tests::load_corrupt_json_returns_empty
Crate	src/cache/mod.rs::tests::load_file_without_last_outcome_parses_as_none
Crate	src/cache/mod.rs::tests::load_missing_file_returns_empty
Crate	src/cache/mod.rs::tests::load_valid_file_returns_entries
Crate	src/cache/mod.rs::tests::load_wrong_version_returns_empty
Crate	src/cache/mod.rs::tests::save_noop_when_not_dirty
Crate	src/cache/mod.rs::tests::save_then_load_round_trips
Crate	src/cache/mod.rs::tests::save_writes_file_when_dirty
Crate	src/cache/mod.rs::tests::the_same_source_fingerprints_identically
Crate	src/cache/mod.rs::tests::two_sources_of_equal_length_fingerprint_differently
Crate	src/cache/module.rs::tests::cached_module_items_returns_none_for_unknown_module
Crate	src/cache/module.rs::tests::cached_module_items_returns_none_on_fingerprint_mismatch
Crate	src/cache/module.rs::tests::invalidate_modules_removes_nonexistent_paths
Crate	src/cache/module.rs::tests::invalidate_modules_sets_dirty_only_when_pruned
Crate	src/cache/module.rs::tests::load_file_without_modules_field_parses_empty_modules
Crate	src/cache/module.rs::tests::save_then_load_preserves_module_cache
Crate	src/cache/module.rs::tests::update_and_retrieve_module_cache_roundtrip
Crate	src/cache/module.rs::tests::update_module_cache_sets_dirty
Crate	src/cache/outcome.rs::tests::last_failed_ids_returns_empty_on_cold_cache
Crate	src/cache/outcome.rs::tests::last_failed_ids_returns_failed_and_error_and_timeout
Crate	src/cache/outcome.rs::tests::record_timing_outcomes_ignores_unknown_node_ids
Crate	src/cache/outcome.rs::tests::record_timing_outcomes_sets_dirty
Crate	src/cache/outcome.rs::tests::record_timing_outcomes_sets_last_outcome_on_known_entries
Crate	src/cache/outcome.rs::tests::test_flaky_count_increments_on_flaky_outcome
Crate	src/cache/timing.rs::tests::ast_estimate_enables_parallel_decision
Crate	src/cache/timing.rs::tests::estimated_duration_cold_cache_with_ast_fallback
Crate	src/cache/timing.rs::tests::estimated_duration_no_ast_no_cache_returns_none
Crate	src/cache/timing.rs::tests::estimated_duration_partial_cache_blends_with_ast
Crate	src/cache/timing.rs::tests::estimated_duration_returns_none_below_half_coverage
Crate	src/cache/timing.rs::tests::estimated_duration_returns_none_on_empty_items
Crate	src/cache/timing.rs::tests::estimated_duration_returns_some_at_exactly_half_coverage
Crate	src/cache/timing.rs::tests::estimated_duration_sums_cached_entries
Crate	src/cache/timing.rs::tests::estimated_duration_warm_cache_ignores_ast_fallback
Crate	src/cache/timing.rs::tests::invalidate_does_not_set_dirty_when_nothing_pruned
Crate	src/cache/timing.rs::tests::invalidate_keeps_entries_present_in_items
Crate	src/cache/timing.rs::tests::invalidate_removes_entries_not_in_items
Crate	src/cache/timing.rs::tests::invalidate_sets_dirty_when_entries_pruned
Crate	src/cache/timing.rs::tests::merge_timings_adds_new_entry
Crate	src/cache/timing.rs::tests::merge_timings_drops_entries_exceeding_max_age
Crate	src/cache/timing.rs::tests::merge_timings_increments_age_for_unexecuted_tests
Crate	src/cache/timing.rs::tests::merge_timings_keeps_entries_at_max_age
Crate	src/cache/timing.rs::tests::merge_timings_sets_dirty_when_only_entries_dropped
Crate	src/cache/timing.rs::tests::merge_timings_sets_dirty_when_results_present
Crate	src/cache/timing.rs::tests::merge_timings_updates_duration_and_resets_age
Crate	src/cache/timing.rs::tests::sort_groups_falls_back_to_count_when_no_cache_data
Crate	src/cache/timing.rs::tests::sort_groups_orders_by_sum_duration_heaviest_first
Crate	src/cache/timing.rs::tests::sort_groups_partial_cache_uses_available_data
Crate	src/cache/timing.rs::tests::sort_groups_puts_uncached_modules_after_cached
Crate	src/cache/timing.rs::tests::suggested_timeout_secs_exact_seconds
Crate	src/cache/timing.rs::tests::suggested_timeout_secs_returns_none_for_uncached_item
Crate	src/cache/timing.rs::tests::suggested_timeout_secs_returns_scaled_duration
Crate	src/cache/timing.rs::tests::suggested_timeout_secs_rounds_up
Crate	src/collector.rs::slice1_collector_tests::prescan_fixture_module_recognizes_oxi_fixture_in_same_dir
Crate	src/collector.rs::slice1_collector_tests::prescan_fixture_module_rejects_invalid_utf8
Crate	src/collector.rs::slice1_collector_tests::prescan_fixture_module_returns_none_when_no_sibling_file
Crate	src/collector.rs::tests::doctest_collection_takes_every_py_file_not_just_test_files
Crate	src/collector.rs::tests::test_collect_conftest_in_subdirectory
Crate	src/collector.rs::tests::test_collect_deduplicates_conftest_paths
Crate	src/collector.rs::tests::test_collect_empty_dir
Crate	src/collector.rs::tests::test_collect_finds_conftest_in_directory
Crate	src/collector.rs::tests::test_collect_finds_test_file
Crate	src/collector.rs::tests::test_collect_gitignore_and_norecursedirs_additive
Crate	src/collector.rs::tests::test_collect_gitignore_disabled
Crate	src/collector.rs::tests::test_collect_gitignore_filters_conftest_too
Crate	src/collector.rs::tests::test_collect_ignores_non_test_files
Crate	src/collector.rs::tests::test_collect_multi_wildcard_pattern
Crate	src/collector.rs::tests::test_collect_no_conftest_returns_empty_vec
Crate	src/collector.rs::tests::test_collect_no_git_repo_still_works
Crate	src/collector.rs::tests::test_collect_normalizes_dotslash_paths
Crate	src/collector.rs::tests::test_collect_paths_are_canonical_absolute
Crate	src/collector.rs::tests::test_collect_respects_gitignore
Crate	src/collector.rs::tests::test_collect_respects_norecursedirs
Crate	src/collector.rs::tests::test_collect_specific_file
Crate	src/collector.rs::tests::test_collect_with_invalid_glob_pattern_returns_error
Crate	src/config/cli/debug.rs::tests::debug_default_is_post_mortem
Crate	src/config/cli/mod.rs::tests::a_bad_argument_after_a_path_names_the_argument_not_the_path
Crate	src/config/cli/mod.rs::tests::a_bad_argument_after_a_real_subcommand_keeps_the_subcommand_error
Crate	src/config/cli/mod.rs::tests::a_mistyped_subcommand_with_a_bad_argument_loses_the_suggestion
Crate	src/config/cli/mod.rs::tests::bare_oxitest_defaults_to_run
Crate	src/config/cli/mod.rs::tests::debug_subcommand
Crate	src/config/cli/mod.rs::tests::debug_with_always
Crate	src/config/cli/mod.rs::tests::debug_with_node_id_positional
Crate	src/config/cli/mod.rs::tests::env_subcommand
Crate	src/config/cli/mod.rs::tests::explicit_run_subcommand
Crate	src/config/cli/mod.rs::tests::help_flag_returns_display_help_error
Crate	src/config/cli/mod.rs::tests::implicit_run_with_flags
Crate	src/config/cli/mod.rs::tests::implicit_run_with_node_id
Crate	src/config/cli/mod.rs::tests::implicit_run_with_path
Crate	src/config/cli/mod.rs::tests::implicit_run_with_path_and_flags
Crate	src/config/cli/mod.rs::tests::inspect_args_parses_affected
Crate	src/config/cli/mod.rs::tests::inspect_args_parses_expression
Crate	src/config/cli/mod.rs::tests::inspect_args_parses_lf
Crate	src/config/cli/mod.rs::tests::inspect_args_parses_name
Crate	src/config/cli/mod.rs::tests::no_use_gitignore_after_path_implicit_run
Crate	src/config/cli/mod.rs::tests::no_use_gitignore_flag
Crate	src/config/cli/mod.rs::tests::no_use_gitignore_with_implicit_run
Crate	src/config/cli/mod.rs::tests::partition_class_node_id_splits_on_first_separator
Crate	src/config/cli/mod.rs::tests::partition_deduplicates_extracted_paths
Crate	src/config/cli/mod.rs::tests::partition_empty_input
Crate	src/config/cli/mod.rs::tests::partition_glob_in_test_name_still_extracts_path
Crate	src/config/cli/mod.rs::tests::partition_glob_node_id_does_not_extract_path
Crate	src/config/cli/mod.rs::tests::partition_mixed_glob_and_literal_node_ids
Crate	src/config/cli/mod.rs::tests::partition_mixed_paths_and_node_ids
Crate	src/config/cli/mod.rs::tests::partition_node_ids_only
Crate	src/config/cli/mod.rs::tests::partition_plain_paths_only
Crate	src/config/cli/mod.rs::tests::partition_positionals_malformed_node_id_still_classified_as_node_id
Crate	src/config/cli/mod.rs::tests::query_fixtures_subcommand
Crate	src/config/cli/mod.rs::tests::query_tests_subcommand
Crate	src/config/cli/mod.rs::tests::query_with_count
Crate	src/config/cli/mod.rs::tests::query_with_detail
Crate	src/config/cli/mod.rs::tests::query_with_expression
Crate	src/config/cli/mod.rs::tests::query_with_format_jsonl
Crate	src/config/cli/mod.rs::tests::query_with_fzf
Crate	src/config/cli/mod.rs::tests::query_with_tree
Crate	src/config/cli/mod.rs::tests::run_with_node_id_positional
Crate	src/config/cli/mod.rs::tests::short_version_flag_returns_display_version_error
Crate	src/config/cli/mod.rs::tests::use_gitignore_default_is_true
Crate	src/config/cli/mod.rs::tests::version_flag_not_swallowed_by_implicit_run
Crate	src/config/cli/mod.rs::tests::version_flag_returns_display_version_error
Crate	src/config/cli/plugin.rs::tests::add_plugin_args_adds_bool_flag
Crate	src/config/cli/plugin.rs::tests::add_plugin_args_adds_string_flag
Crate	src/config/cli/plugin.rs::tests::add_plugin_args_empty_extensions
Crate	src/config/cli/plugin.rs::tests::add_plugin_args_short_flag_works
Crate	src/config/cli/plugin.rs::tests::extract_plugin_values_extracts_bool
Crate	src/config/cli/plugin.rs::tests::extract_plugin_values_extracts_string
Crate	src/config/cli/plugin.rs::tests::extract_plugin_values_omits_unset_args
Crate	src/config/cli/run.rs::tests::cov_flag_accepted
Crate	src/config/cli/run.rs::tests::cov_report_accepted
Crate	src/config/cli/run.rs::tests::cov_report_as_str
Crate	src/config/cli/run.rs::tests::cov_report_invalid_value_rejected
Crate	src/config/cli/run.rs::tests::cov_report_without_cov_rejected
Crate	src/config/cli/run.rs::tests::exitfirst_conflicts_with_maxfail
Crate	src/config/cli/run.rs::tests::no_flags_is_valid
Crate	src/config/cli/run.rs::tests::run_with_collection_profile
Crate	src/config/cli/run.rs::tests::schedule_conflicts_with_serial
Crate	src/config/cli/run.rs::tests::show_internals_with_tb_line_conflicts
Crate	src/config/cli/run.rs::tests::show_locals_alone_is_valid
Crate	src/config/cli/run.rs::tests::show_locals_with_tb_no_conflicts
Crate	src/config/cli/run.rs::tests::v_and_verbose_conflict
Crate	src/config/cli/shared.rs::tests::failed_first_canonical
Crate	src/config/cli/shared.rs::tests::failed_only_canonical
Crate	src/config/cli/shared.rs::tests::ff_conflicts_with_lf
Crate	src/config/cli/shared.rs::tests::ff_resolves_to_failed_first
Crate	src/config/cli/shared.rs::tests::lf_conflicts_with_failed
Crate	src/config/cli/shared.rs::tests::lf_in_debug_subcommand
Crate	src/config/cli/shared.rs::tests::lf_resolves_to_failed_only
Crate	src/config/cli/shared.rs::tests::long_verbose_bare_resolves_detailed
Crate	src/config/cli/shared.rs::tests::long_verbose_full
Crate	src/config/cli/shared.rs::tests::no_failed_flags_resolves_none
Crate	src/config/cli/shared.rs::tests::no_verbose_resolves_none
Crate	src/config/cli/shared.rs::tests::short_v_resolves_detailed
Crate	src/config/cli/shared.rs::tests::short_vv_resolves_full
Crate	src/config/merge.rs::tests::config_spawn_overhead_ms_loads_from_toml
Crate	src/config/merge.rs::tests::doctest_roots_are_resolved_against_rootdir
Crate	src/config/merge.rs::tests::load_preserves_rootdir_as_given
Crate	src/config/merge.rs::tests::parse_markers_empty_input
Crate	src/config/merge.rs::tests::parse_markers_mixed
Crate	src/config/merge.rs::tests::parse_markers_trims_whitespace
Crate	src/config/merge.rs::tests::parse_markers_with_descriptions
Crate	src/config/merge.rs::tests::parse_markers_without_descriptions
Crate	src/config/merge.rs::tests::resolve_testpaths_empty_input
Crate	src/config/merge.rs::tests::resolve_testpaths_nested_path
Crate	src/config/merge.rs::tests::resolve_testpaths_relative_to_rootdir
Crate	src/config/merge.rs::tests::test_affected_bare_defaults_to_head_without_config
Crate	src/config/merge.rs::tests::test_affected_bare_resolves_to_config_base
Crate	src/config/merge.rs::tests::test_affected_explicit_overrides_config_base
Crate	src/config/merge.rs::tests::test_async_backend_from_pyproject
Crate	src/config/merge.rs::tests::test_cache_max_age_loads_from_pyproject
Crate	src/config/merge.rs::tests::test_cli_absent_strict_does_not_clear_toml_strict
Crate	src/config/merge.rs::tests::test_cli_strict_overrides_toml
Crate	src/config/merge.rs::tests::test_cli_workers_overrides_toml
Crate	src/config/merge.rs::tests::test_color_cli_overrides_pyproject
Crate	src/config/merge.rs::tests::test_color_from_pyproject
Crate	src/config/merge.rs::tests::test_color_pyproject_preserved_when_cli_absent
Crate	src/config/merge.rs::tests::test_config_worker_count_auto_is_cpu_count
Crate	src/config/merge.rs::tests::test_config_worker_count_default_is_cpu_count
Crate	src/config/merge.rs::tests::test_config_worker_count_explicit_workers
Crate	src/config/merge.rs::tests::test_config_worker_count_serial_returns_1
Crate	src/config/merge.rs::tests::test_debug_post_mortem_clears_pyproject_timeout
Crate	src/config/merge.rs::tests::test_debug_post_mortem_merge
Crate	src/config/merge.rs::tests::test_durations_from_pyproject
Crate	src/config/merge.rs::tests::test_failed_from_pyproject
Crate	src/config/merge.rs::tests::test_keep_tmp_cli_overrides_toml
Crate	src/config/merge.rs::tests::test_keep_tmp_from_pyproject_always
Crate	src/config/merge.rs::tests::test_keep_tmp_from_pyproject_failed
Crate	src/config/merge.rs::tests::test_keep_tmp_toml_preserved_when_cli_absent
Crate	src/config/merge.rs::tests::test_load_markers_from_pyproject
Crate	src/config/merge.rs::tests::test_load_markers_strips_description
Crate	src/config/merge.rs::tests::test_load_python_files_from_pyproject
Crate	src/config/merge.rs::tests::test_load_testpaths_from_pyproject
Crate	src/config/merge.rs::tests::test_load_timeout_secs_from_pyproject
Crate	src/config/merge.rs::tests::test_load_with_no_pyproject_returns_defaults
Crate	src/config/merge.rs::tests::test_markers_all_with_description_leaves_list_empty
Crate	src/config/merge.rs::tests::test_markers_without_description_populated
Crate	src/config/merge.rs::tests::test_maxfail_from_pyproject
Crate	src/config/merge.rs::tests::test_merge_debug_args_applies_mode
Crate	src/config/merge.rs::tests::test_merge_run_args_exitfirst_sets_maxfail_1
Crate	src/config/merge.rs::tests::test_merge_run_args_maxfail_sets_maxfail
Crate	src/config/merge.rs::tests::test_merge_run_args_paths_overrides_testpaths
Crate	src/config/merge.rs::tests::test_min_parallel_tests_loads_from_pyproject
Crate	src/config/merge.rs::tests::test_plugin_settings_from_pyproject
Crate	src/config/merge.rs::tests::test_plugins_from_pyproject
Crate	src/config/merge.rs::tests::test_pytest_section_is_ignored
Crate	src/config/merge.rs::tests::test_retries_cli_overrides_pyproject
Crate	src/config/merge.rs::tests::test_retries_delay_from_pyproject
Crate	src/config/merge.rs::tests::test_retries_from_pyproject
Crate	src/config/merge.rs::tests::test_schedule_cli_overrides_pyproject
Crate	src/config/merge.rs::tests::test_schedule_pyproject_preserved_when_cli_absent
Crate	src/config/merge.rs::tests::test_schedule_strategy_from_pyproject
Crate	src/config/merge.rs::tests::test_serial_from_pyproject
Crate	src/config/merge.rs::tests::test_show_internals_from_pyproject
Crate	src/config/merge.rs::tests::test_show_locals_from_pyproject
Crate	src/config/merge.rs::tests::test_strict_absent_in_toml_is_none
Crate	src/config/merge.rs::tests::test_strict_loads_from_toml
Crate	src/config/merge.rs::tests::test_strict_off_overrides_toml_strict
Crate	src/config/merge.rs::tests::test_tb_from_pyproject
Crate	src/config/merge.rs::tests::test_timeout_absent_is_none
Crate	src/config/merge.rs::tests::test_timeout_cli_overrides_pyproject
Crate	src/config/merge.rs::tests::test_timeout_multiplier_default_is_none
Crate	src/config/merge.rs::tests::test_timeout_multiplier_loads_from_pyproject
Crate	src/config/merge.rs::tests::test_timeout_pyproject_preserved_when_cli_absent
Crate	src/config/merge.rs::tests::test_toml_workers_absent_is_default
Crate	src/config/merge.rs::tests::test_toml_workers_auto
Crate	src/config/merge.rs::tests::test_toml_workers_fixed
Crate	src/config/merge.rs::tests::test_toml_workers_invalid_string_rejected
Crate	src/config/merge.rs::tests::test_toml_workers_negative_rejected
Crate	src/config/merge.rs::tests::test_toml_workers_preserved_when_cli_absent
Crate	src/config/merge.rs::tests::test_toml_workers_zero_rejected
Crate	src/config/merge.rs::tests::test_use_gitignore_absent_defaults_true
Crate	src/config/merge.rs::tests::test_use_gitignore_cli_disables
Crate	src/config/merge.rs::tests::test_use_gitignore_from_pyproject_false
Crate	src/config/merge.rs::tests::test_use_gitignore_from_pyproject_true
Crate	src/config/merge.rs::tests::test_verbosity_from_pyproject
Crate	src/config/merge.rs::tests::test_verbosity_full_from_pyproject
Crate	src/config/mod.rs::tests::config_spawn_overhead_ms_defaults_to_250
Crate	src/config/mod.rs::tests::find_rootdir_agrees_on_both_spellings_of_one_file
Crate	src/config/mod.rs::tests::find_rootdir_ignores_the_invocation_dir_for_an_absolute_seed
Crate	src/config/mod.rs::tests::find_rootdir_never_returns_an_empty_path
Crate	src/config/mod.rs::tests::find_rootdir_resolves_a_bare_filename_against_the_invocation_dir
Crate	src/config/mod.rs::tests::has_plugins_configured_false_for_empty_plugins_list
Crate	src/config/mod.rs::tests::has_plugins_configured_false_for_missing_oxitest_section
Crate	src/config/mod.rs::tests::has_plugins_configured_true_despite_unrelated_typo_in_oxitest_section
Crate	src/config/mod.rs::tests::has_plugins_configured_true_for_non_empty_plugins
Crate	src/config/mod.rs::tests::resolve_target_joins_a_relative_path_onto_the_base
Crate	src/config/mod.rs::tests::resolve_target_keeps_a_windows_verbatim_base_intact
Crate	src/config/mod.rs::tests::resolve_target_returns_an_absolute_path_unchanged
Crate	src/config/mod.rs::tests::source_files_excludes_glob_node_ids
Crate	src/config/mod.rs::tests::test_async_backend_default
Crate	src/config/mod.rs::tests::test_cache_max_age_default_is_50
Crate	src/config/mod.rs::tests::test_cli_affected_absent_is_none
Crate	src/config/mod.rs::tests::test_cli_affected_bare_is_empty_sentinel
Crate	src/config/mod.rs::tests::test_cli_affected_with_branch
Crate	src/config/mod.rs::tests::test_cli_affected_with_commit
Crate	src/config/mod.rs::tests::test_cli_color_always
Crate	src/config/mod.rs::tests::test_cli_color_default_is_none
Crate	src/config/mod.rs::tests::test_cli_color_never
Crate	src/config/mod.rs::tests::test_cli_durations_absent_is_none
Crate	src/config/mod.rs::tests::test_cli_durations_flag
Crate	src/config/mod.rs::tests::test_cli_json_flag
Crate	src/config/mod.rs::tests::test_cli_json_flag_absent
Crate	src/config/mod.rs::tests::test_cli_long_workers_auto
Crate	src/config/mod.rs::tests::test_cli_retries_absent_is_none
Crate	src/config/mod.rs::tests::test_cli_retries_flag
Crate	src/config/mod.rs::tests::test_cli_serial_and_workers_auto_conflict
Crate	src/config/mod.rs::tests::test_cli_serial_and_workers_conflict
Crate	src/config/mod.rs::tests::test_cli_serial_default_is_false
Crate	src/config/mod.rs::tests::test_cli_serial_flag
Crate	src/config/mod.rs::tests::test_cli_short_n_flag_auto
Crate	src/config/mod.rs::tests::test_cli_short_n_flag_fixed
Crate	src/config/mod.rs::tests::test_cli_strict_abort_explicit
Crate	src/config/mod.rs::tests::test_cli_strict_absent_is_none
Crate	src/config/mod.rs::tests::test_cli_strict_bare_flag_defaults_to_abort
Crate	src/config/mod.rs::tests::test_cli_strict_enforce
Crate	src/config/mod.rs::tests::test_cli_tb_default_is_none
Crate	src/config/mod.rs::tests::test_cli_tb_detail
Crate	src/config/mod.rs::tests::test_cli_tb_no
Crate	src/config/mod.rs::tests::test_cli_timeout_absent_is_none
Crate	src/config/mod.rs::tests::test_cli_timeout_flag
Crate	src/config/mod.rs::tests::test_cli_tips_flag
Crate	src/config/mod.rs::tests::test_cli_warnings_flag
Crate	src/config/mod.rs::tests::test_cli_workers_absent_is_none
Crate	src/config/mod.rs::tests::test_cli_workers_flag
Crate	src/config/mod.rs::tests::test_cli_workers_zero_is_rejected
Crate	src/config/mod.rs::tests::test_default_python_files
Crate	src/config/mod.rs::tests::test_find_rootdir_falls_back_to_start
Crate	src/config/mod.rs::tests::test_find_rootdir_finds_pyproject
Crate	src/config/mod.rs::tests::test_find_rootdir_relative_subdir_returns_absolute
Crate	src/config/mod.rs::tests::test_json_workers_negative_rejected
Crate	src/config/mod.rs::tests::test_json_workers_zero_i64_rejected
Crate	src/config/mod.rs::tests::test_keep_tmp_default_is_cleanup
Crate	src/config/mod.rs::tests::test_min_parallel_tests_default_is_100
Crate	src/config/mod.rs::tests::test_parse_workers_auto
Crate	src/config/mod.rs::tests::test_parse_workers_auto_case_insensitive
Crate	src/config/mod.rs::tests::test_parse_workers_fixed
Crate	src/config/mod.rs::tests::test_parse_workers_garbage_rejected
Crate	src/config/mod.rs::tests::test_parse_workers_zero_rejected
Crate	src/config/mod.rs::tests::test_plugins_default_empty
Crate	src/config/mod.rs::tests::test_retries_default_is_zero
Crate	src/config/mod.rs::tests::test_schedule_strategy_default_is_longest_first
Crate	src/config/mod.rs::tests::test_show_internals_default_is_false
Crate	src/config/mod.rs::tests::test_show_locals_default_is_false
Crate	src/config/mod.rs::tests::test_tb_default_is_detail
Crate	src/config/mod.rs::tests::test_toml_workers_positive_i64
Crate	src/config/mod.rs::tests::test_use_gitignore_default_is_true
Crate	src/config/mod.rs::tests::test_verbosity_default_is_normal
Crate	src/config/mod.rs::tests::test_verbosity_ordering
Crate	src/config/mod.rs::tests::test_worker_count_expecting_message
Crate	src/config/pyproject.rs::tests::doctest_scope_parses_empty_list_as_empty_list
Crate	src/config/pyproject.rs::tests::doctest_scope_parses_heterogeneous_list
Crate	src/config/pyproject.rs::tests::doctest_scope_parses_public_scalar
Crate	src/config/pyproject.rs::tests::doctest_scope_rejects_off_with_migration_hint
Crate	src/config/pyproject.rs::tests::doctest_scope_rejects_unknown_scalar
Crate	src/config/pyproject.rs::tests::doctest_skip_parses_list_of_scope_entries
Crate	src/config/pyproject.rs::tests::doctest_skip_rejects_ambiguous_entry
Crate	src/config/pyproject.rs::tests::doctest_sub_table_accepts_skip_paths
Crate	src/config/pyproject.rs::tests::doctest_sub_table_parses_full_shape
Crate	src/config/pyproject.rs::tests::doctest_sub_table_skip_defaults_to_empty
Crate	src/config/pyproject.rs::tests::empty_tool_oxitest_table
Crate	src/config/pyproject.rs::tests::invalid_scope_enum_hard_fails_at_parse
Crate	src/config/pyproject.rs::tests::legacy_doctest_modules_false_also_hard_errors
Crate	src/config/pyproject.rs::tests::legacy_doctest_modules_key_hard_errors
Crate	src/config/pyproject.rs::tests::legacy_key_mixed_with_new_sub_table_still_errors
Crate	src/config/pyproject.rs::tests::markers_array
Crate	src/config/pyproject.rs::tests::missing_tool_table_gives_default_pyproject
Crate	src/config/pyproject.rs::tests::parse_absent_for_missing_oxitest_subtable
Crate	src/config/pyproject.rs::tests::parse_errs_on_unknown_field_in_oxitest_subtable
Crate	src/config/pyproject.rs::tests::parse_errs_on_wrong_type_in_oxitest_subtable
Crate	src/config/pyproject.rs::tests::parse_present_for_empty_oxitest_subtable
Crate	src/config/pyproject.rs::tests::parse_present_for_well_formed_oxitest_config
Crate	src/config/pyproject.rs::tests::parse_whole_file_error_for_broken_toml
Crate	src/config/pyproject.rs::tests::plugins_array
Crate	src/config/pyproject.rs::tests::render_entry_round_trips_all_four_forms
Crate	src/config/pyproject.rs::tests::scope_entry_member_form_rejects_empty_cls_segment
Crate	src/config/pyproject.rs::tests::scope_entry_member_form_rejects_non_py_file_prefix
Crate	src/config/pyproject.rs::tests::scope_entry_parses_directory_prefix
Crate	src/config/pyproject.rs::tests::scope_entry_parses_member_form_into_member_variant
Crate	src/config/pyproject.rs::tests::scope_entry_parses_python_file
Crate	src/config/pyproject.rs::tests::scope_entry_parses_top_level_symbol
Crate	src/config/pyproject.rs::tests::scope_entry_rejects_absolute_path
Crate	src/config/pyproject.rs::tests::scope_entry_rejects_ambiguous_bare
Crate	src/config/pyproject.rs::tests::scope_entry_rejects_empty_symbol_after_double_colon
Crate	src/config/pyproject.rs::tests::scope_entry_rejects_non_py_file_before_double_colon
Crate	src/config/pyproject.rs::tests::scope_entry_rejects_parent_component
Crate	src/config/pyproject.rs::tests::scope_entry_rejects_too_many_segments
Crate	src/config/pyproject.rs::tests::scope_entry_rejects_windows_absolute_paths
Crate	src/config/pyproject.rs::tests::section_present_with_omitted_keys_uses_defaults_at_resolve_time
Crate	src/config/pyproject.rs::tests::testpaths_array
Crate	src/config/pyproject.rs::tests::timeout_integer
Crate	src/config/pyproject.rs::tests::unknown_keys_in_doctest_sub_table_hard_fail
Crate	src/config/pyproject.rs::tests::workers_auto_lowercase
Crate	src/config/pyproject.rs::tests::workers_auto_mixed_case
Crate	src/config/pyproject.rs::tests::workers_invalid_string_rejected
Crate	src/config/pyproject.rs::tests::workers_negative_rejected
Crate	src/config/pyproject.rs::tests::workers_positive_integer
Crate	src/config/pyproject.rs::tests::workers_zero_rejected
Crate	src/doctest/alias.rs::tests::cycle_returns_cycle_error
Crate	src/doctest/alias.rs::tests::docstring_less_terminus_returns_ok_with_none
Crate	src/doctest/alias.rs::tests::module_root_resolve_finds_file_under_source_root_prefix
Crate	src/doctest/alias.rs::tests::module_root_resolve_prefers_root_level_when_package_lives_at_root
Crate	src/doctest/alias.rs::tests::module_root_resolve_returns_none_when_module_truly_missing
Crate	src/doctest/alias.rs::tests::module_root_resolve_source_root_detection_ignores_dot_dirs
Crate	src/doctest/alias.rs::tests::multi_hop_follows_local_alias_to_class_def
Crate	src/doctest/alias.rs::tests::single_hop_reaches_local_def_and_docstring
Crate	src/doctest/alias.rs::tests::source_root_candidates_ignore_gitignore_when_disabled
Crate	src/doctest/alias.rs::tests::source_root_candidates_respect_gitignore_when_enabled
Crate	src/doctest/alias.rs::tests::unknown_terminus_returns_unknown_error
Crate	src/doctest/coverage.rs::scope_filter_tests::list_scope_bypasses_private_filter_when_explicit
Crate	src/doctest/coverage.rs::scope_filter_tests::list_scope_multiple_entries_union
Crate	src/doctest/coverage.rs::scope_filter_tests::public_scope_applies_private_filter
Crate	src/doctest/coverage.rs::scope_filter_tests::skip_subtracts_from_scope
Crate	src/doctest/coverage.rs::scope_filter_tests::symbol_entry_matches_only_named_top_level
Crate	src/doctest/coverage.rs::tests::check_subject_alias_to_call_rhs_terminus_is_silently_covered
Crate	src/doctest/coverage.rs::tests::check_subject_local_def_header_no_examples_returns_gap
Crate	src/doctest/coverage.rs::tests::check_subject_local_def_missing_header_returns_gap
Crate	src/doctest/coverage.rs::tests::check_subject_local_def_with_full_coverage_returns_covered
Crate	src/doctest/coverage.rs::tests::check_subject_no_docstring_returns_missing_header
Crate	src/doctest/coverage.rs::tests::docstring_and_lineno_from_class_returns_docstring
Crate	src/doctest/coverage.rs::tests::docstring_and_lineno_from_function_returns_docstring
Crate	src/doctest/coverage.rs::tests::end_to_end_alias_cycle_emits_scanner_diagnostic
Crate	src/doctest/coverage.rs::tests::end_to_end_covered_subject_no_diagnostic
Crate	src/doctest/coverage.rs::tests::end_to_end_private_module_skipped
Crate	src/doctest/coverage.rs::tests::end_to_end_synthetic_module_missing_header_emits_warning
Crate	src/doctest/coverage.rs::tests::find_class_method_finds_async_method
Crate	src/doctest/coverage.rs::tests::find_class_method_finds_sync_method
Crate	src/doctest/coverage.rs::tests::find_class_method_rejects_nested_class_named_like_method
Crate	src/doctest/coverage.rs::tests::find_class_method_returns_none_when_class_absent
Crate	src/doctest/coverage.rs::tests::find_class_method_returns_none_when_method_absent
Crate	src/doctest/coverage.rs::tests::find_def_by_name_finds_async_function
Crate	src/doctest/coverage.rs::tests::find_def_by_name_finds_class
Crate	src/doctest/coverage.rs::tests::find_def_by_name_finds_pass_body_function
Crate	src/doctest/coverage.rs::tests::find_def_by_name_finds_sync_function
Crate	src/doctest/coverage.rs::tests::find_def_by_name_returns_none_when_no_matching_def
Crate	src/doctest/coverage.rs::tests::find_def_by_name_skips_ellipsis_stub_function
Crate	src/doctest/coverage.rs::tests::header_no_examples_produces_no_examples_message
Crate	src/doctest/coverage.rs::tests::member_docstring_flows_through_find_class_method_and_extractor
Crate	src/doctest/coverage.rs::tests::missing_header_produces_missing_header_message
Crate	src/doctest/coverage.rs::tests::run_coverage_check_local_def_diagnostic_points_at_real_def_line
Crate	src/doctest/coverage.rs::tests::run_coverage_check_parse_failure_lands_in_parse_failed_not_parsed
Crate	src/doctest/coverage.rs::tests::run_coverage_check_privacy_gated_file_lands_in_neither_scanned_state
Crate	src/doctest/scanner.rs::tests::adjacent_prompts_are_separate_examples
Crate	src/doctest/scanner.rs::tests::bare_prompt_no_space
Crate	src/doctest/scanner.rs::tests::continuation_lines
Crate	src/doctest/scanner.rs::tests::empty_docstring
Crate	src/doctest/scanner.rs::tests::example_without_output
Crate	src/doctest/scanner.rs::tests::examples_word_in_prose_not_a_header
Crate	src/doctest/scanner.rs::tests::header_and_examples_may_be_out_of_order
Crate	src/doctest/scanner.rs::tests::header_but_no_examples_block
Crate	src/doctest/scanner.rs::tests::header_example_singular_detected
Crate	src/doctest/scanner.rs::tests::header_examples_plural_detected
Crate	src/doctest/scanner.rs::tests::indented_header_line_still_detected
Crate	src/doctest/scanner.rs::tests::multiple_examples
Crate	src/doctest/scanner.rs::tests::no_examples
Crate	src/doctest/scanner.rs::tests::no_header_but_with_examples
Crate	src/doctest/scanner.rs::tests::prompt_directly_after_output_starts_a_new_example
Crate	src/doctest/scanner.rs::tests::scan_doctests_finds_class_and_method
Crate	src/doctest/scanner.rs::tests::scan_doctests_finds_function_docstrings
Crate	src/doctest/scanner.rs::tests::scan_doctests_skips_no_examples
Crate	src/doctest/scanner.rs::tests::single_example_with_output
Crate	src/doctest/subjects.rs::tests::any_underscore_prefixed_component_is_private
Crate	src/doctest/subjects.rs::tests::classify_async_function_def_is_local_definition
Crate	src/doctest/subjects.rs::tests::classify_call_rhs_is_silent_skip
Crate	src/doctest/subjects.rs::tests::classify_class_def_is_local_definition
Crate	src/doctest/subjects.rs::tests::classify_from_import_is_alias_import
Crate	src/doctest/subjects.rs::tests::classify_from_import_renamed_uses_original_name_as_source
Crate	src/doctest/subjects.rs::tests::classify_from_import_with_as_alias_uses_original_name_as_source
Crate	src/doctest/subjects.rs::tests::classify_function_def_is_local_definition
Crate	src/doctest/subjects.rs::tests::classify_missing_name_returns_none
Crate	src/doctest/subjects.rs::tests::classify_name_rhs_is_local_alias
Crate	src/doctest/subjects.rs::tests::classify_relative_import_is_skipped
Crate	src/doctest/subjects.rs::tests::classify_unknown_shape_is_unknown
Crate	src/doctest/subjects.rs::tests::dotted_path_for_file_multi_level_package
Crate	src/doctest/subjects.rs::tests::dotted_path_for_file_no_source_root_leaves_path_intact
Crate	src/doctest/subjects.rs::tests::dotted_path_for_file_strips_source_root
Crate	src/doctest/subjects.rs::tests::dotted_path_for_file_strips_source_root_for_init
Crate	src/doctest/subjects.rs::tests::dotted_path_strips_py_and_init
Crate	src/doctest/subjects.rs::tests::enumerate_subjects_all_underscore_names_returns_empty
Crate	src/doctest/subjects.rs::tests::enumerate_subjects_dunder_all_overrides_defined_here_filter
Crate	src/doctest/subjects.rs::tests::enumerate_subjects_empty_module_returns_empty
Crate	src/doctest/subjects.rs::tests::enumerate_subjects_fallback_uses_non_underscore_top_level_defined_here
Crate	src/doctest/subjects.rs::tests::enumerate_subjects_local_alias_via_fallback
Crate	src/doctest/subjects.rs::tests::enumerate_subjects_stamps_file_on_each_subject
Crate	src/doctest/subjects.rs::tests::enumerate_subjects_uses_dunder_all_first
Crate	src/doctest/subjects.rs::tests::extract_dunder_all_ignores_non_string_elements
Crate	src/doctest/subjects.rs::tests::extract_dunder_all_returns_none_when_missing
Crate	src/doctest/subjects.rs::tests::extract_dunder_all_returns_string_list_when_present
Crate	src/doctest/subjects.rs::tests::public_module_paths_pass_the_filter
Crate	src/edit_distance.rs::tests::accented_chars_count_as_single_operations
Crate	src/edit_distance.rs::tests::cjk_characters
Crate	src/edit_distance.rs::tests::closest_match_finds_typo
Crate	src/edit_distance.rs::tests::closest_match_picks_closest_among_multiple_candidates
Crate	src/edit_distance.rs::tests::closest_match_returns_none_when_nothing_close
Crate	src/edit_distance.rs::tests::closest_match_with_unicode_candidates
Crate	src/edit_distance.rs::tests::completely_different
Crate	src/edit_distance.rs::tests::emoji_characters
Crate	src/edit_distance.rs::tests::identical_empty_strings_distance_zero
Crate	src/edit_distance.rs::tests::identical_strings_distance_zero
Crate	src/edit_distance.rs::tests::mixed_ascii_and_unicode
Crate	src/edit_distance.rs::tests::one_empty_string
Crate	src/edit_distance.rs::tests::single_deletion
Crate	src/edit_distance.rs::tests::single_insertion
Crate	src/edit_distance.rs::tests::single_transposition
Crate	src/filter.rs::tests::a_windows_verbatim_node_id_is_not_a_glob
Crate	src/filter.rs::tests::a_windows_verbatim_node_id_that_really_is_a_glob_still_is
Crate	src/filter.rs::tests::filter_by_node_ids_bare_path_items_pass_through
Crate	src/filter.rs::tests::filter_by_node_ids_class_prefix_selects_all_methods
Crate	src/filter.rs::tests::filter_by_node_ids_empty_returns_all
Crate	src/filter.rs::tests::filter_by_node_ids_exact_match
Crate	src/filter.rs::tests::filter_by_node_ids_exact_parametrized
Crate	src/filter.rs::tests::filter_by_node_ids_glob_exact_param_with_brackets
Crate	src/filter.rs::tests::filter_by_node_ids_glob_function_name
Crate	src/filter.rs::tests::filter_by_node_ids_glob_no_match_returns_empty
Crate	src/filter.rs::tests::filter_by_node_ids_glob_param_id
Crate	src/filter.rs::tests::filter_by_node_ids_glob_path_segment
Crate	src/filter.rs::tests::filter_by_node_ids_glob_star_selects_all_in_file
Crate	src/filter.rs::tests::filter_by_node_ids_mixed_glob_and_literal
Crate	src/filter.rs::tests::filter_by_node_ids_non_glob_unchanged
Crate	src/filter.rs::tests::filter_by_node_ids_prefix_matches_parametrized
Crate	src/filter.rs::tests::group_by_package_carries_the_anchor_the_boundary_drain_needs
Crate	src/filter.rs::tests::group_by_package_does_not_merge_on_a_shared_name_prefix
Crate	src/filter.rs::tests::group_by_package_gives_the_outermost_declaration_the_subtree
Crate	src/filter.rs::tests::group_by_package_keeps_a_single_module_package_as_one_unit
Crate	src/filter.rs::tests::group_by_package_leaves_everything_alone_when_nothing_declares
Crate	src/filter.rs::tests::group_by_package_merges_the_declaring_subtree
Crate	src/filter.rs::tests::helper_bidirectional_reverse_bracket
Crate	src/filter.rs::tests::helper_bidirectional_reverse_class_colon
Crate	src/filter.rs::tests::helper_class_double_colon_forward
Crate	src/filter.rs::tests::helper_exact_match
Crate	src/filter.rs::tests::helper_no_match_substring_only
Crate	src/filter.rs::tests::helper_parametrize_bracket_forward
Crate	src/filter.rs::tests::module_path_accessor_returns_str
Crate	src/filter.rs::tests::prefix_match_class_double_colon
Crate	src/filter.rs::tests::prefix_match_exact_no_format_alloc
Crate	src/filter.rs::tests::prefix_match_no_false_positive_on_substring
Crate	src/filter.rs::tests::prefix_match_parametrize_bracket
Crate	src/filter.rs::tests::prescan_file_predicates::file_matches_expression_by_mark
Crate	src/filter.rs::tests::prescan_file_predicates::file_matches_expression_no_match
Crate	src/filter.rs::tests::prescan_file_predicates::file_matches_expression_with_module_marks
Crate	src/filter.rs::tests::prescan_file_predicates::file_matches_last_failed_hit
Crate	src/filter.rs::tests::prescan_file_predicates::file_matches_last_failed_miss
Crate	src/filter.rs::tests::prescan_file_predicates::file_matches_node_ids_exact_match
Crate	src/filter.rs::tests::prescan_file_predicates::file_matches_node_ids_no_match
Crate	src/filter.rs::tests::prescan_prefix_match_bidirectional
Crate	src/filter.rs::tests::relativise_accepts_the_base_directory_boundary
Crate	src/filter.rs::tests::relativise_matches_a_verbatim_path_against_a_plain_base
Crate	src/filter.rs::tests::relativise_matches_when_both_sides_are_verbatim
Crate	src/filter.rs::tests::relativise_refuses_a_path_outside_the_base
Crate	src/filter.rs::tests::relativise_refuses_a_sibling_whose_name_extends_the_base
Crate	src/filter.rs::tests::relativise_refuses_an_empty_base
Crate	src/filter.rs::tests::render_unmatched_targets_keeps_a_target_outside_rootdir_verbatim
Crate	src/filter.rs::tests::render_unmatched_targets_spells_the_target_relative_to_rootdir
Crate	src/filter.rs::tests::source_files_survive_a_windows_verbatim_node_id
Crate	src/filter.rs::tests::test_builtin_markers_contains_expected_set
Crate	src/filter.rs::tests::test_filter_last_failed_empty_set_returns_empty
Crate	src/filter.rs::tests::test_filter_last_failed_keeps_only_failed_items
Crate	src/filter.rs::tests::test_group_by_module_empty_input
Crate	src/filter.rs::tests::test_group_by_module_multiple_modules
Crate	src/filter.rs::tests::test_group_by_module_preserves_order
Crate	src/filter.rs::tests::test_group_by_module_single_module
Crate	src/filter.rs::tests::test_sort_failed_first_moves_failed_to_front
Crate	src/filter.rs::tests::test_sort_failed_first_no_failures_preserves_order
Crate	src/filter.rs::tests::unmatched_literal_targets_ignores_globs
Crate	src/filter.rs::tests::unmatched_literal_targets_is_empty_when_every_literal_matches
Crate	src/filter.rs::tests::unmatched_literal_targets_matches_parametrized_variants
Crate	src/filter.rs::tests::unmatched_literal_targets_reports_a_target_whose_module_has_no_items
Crate	src/import_graph.rs::tests::extract_dotted_import_with_prefixes
Crate	src/import_graph.rs::tests::extract_from_import_absolute
Crate	src/import_graph.rs::tests::extract_import_inside_function
Crate	src/import_graph.rs::tests::extract_import_inside_if
Crate	src/import_graph.rs::tests::extract_import_inside_try
Crate	src/import_graph.rs::tests::extract_multiple_from_imports
Crate	src/import_graph.rs::tests::extract_nonexistent_file_returns_empty
Crate	src/import_graph.rs::tests::extract_simple_import
Crate	src/import_graph.rs::tests::extract_skips_relative_imports
Crate	src/import_graph.rs::tests::extract_syntax_error_returns_empty
Crate	src/import_graph.rs::tests::file_to_modules_deep
Crate	src/import_graph.rs::tests::file_to_modules_init
Crate	src/import_graph.rs::tests::file_to_modules_simple
Crate	src/import_graph.rs::tests::file_to_modules_single_file
Crate	src/import_graph.rs::tests::file_to_modules_unicode_path
Crate	src/import_graph.rs::tests::resolve_affected_empty_changed
Crate	src/import_graph.rs::tests::resolve_affected_matches_import
Crate	src/import_graph.rs::tests::resolve_affected_no_match
Crate	src/import_graph.rs::tests::resolve_affected_prefix_match
Crate	src/import_graph.rs::tests::resolve_affected_with_diagnostics_reports_matches
Crate	src/inspect/app.rs::tests::merge_phase2_resets_nav_when_on_detail_screen
Crate	src/inspect/app.rs::tests::merge_phase2_transitions_to_complete
Crate	src/inspect/app.rs::tests::new_app_defaults_to_complete_loading_state
Crate	src/inspect/app.rs::tests::new_app_has_empty_history
Crate	src/inspect/app.rs::tests::new_app_has_empty_search_state
Crate	src/inspect/app.rs::tests::new_app_starts_in_normal_mode
Crate	src/inspect/app.rs::tests::poll_phase2_handles_disconnected_sender
Crate	src/inspect/app.rs::tests::poll_phase2_no_timeout_before_deadline
Crate	src/inspect/app.rs::tests::poll_phase2_noop_when_empty
Crate	src/inspect/app.rs::tests::poll_phase2_receives_data
Crate	src/inspect/app.rs::tests::poll_phase2_times_out_after_deadline
Crate	src/inspect/app.rs::tests::progressive_loading_starts_in_instant_only
Crate	src/inspect/app.rs::tests::prune_stale_trail_keeps_valid_nodes
Crate	src/inspect/app.rs::tests::prune_stale_trail_pops_invalid_nodes
Crate	src/inspect/app.rs::tests::search_state_select_next_wraps
Crate	src/inspect/app.rs::tests::search_state_select_on_empty_is_noop
Crate	src/inspect/app.rs::tests::search_state_select_prev_wraps
Crate	src/inspect/app.rs::tests::search_state_selected_returns_current
Crate	src/inspect/app.rs::tests::session_history_allows_duplicates
Crate	src/inspect/app.rs::tests::session_history_push_prepends
Crate	src/inspect/app.rs::tests::session_history_starts_empty
Crate	src/inspect/detail/mod.rs::snapshot_tests::snap_detail_declaration
Crate	src/inspect/detail/mod.rs::snapshot_tests::snap_detail_fixture
Crate	src/inspect/detail/mod.rs::snapshot_tests::snap_detail_mark
Crate	src/inspect/detail/mod.rs::snapshot_tests::snap_detail_no_selection
Crate	src/inspect/detail/mod.rs::snapshot_tests::snap_detail_plugin
Crate	src/inspect/detail/mod.rs::snapshot_tests::snap_detail_test
Crate	src/inspect/detail/mod.rs::snapshot_tests::snap_detail_test_parametrized
Crate	src/inspect/detail/mod.rs::tests::autouse_section_distinguishes_its_three_states
Crate	src/inspect/detail/mod.rs::tests::autouse_section_says_none_only_when_data_arrived_and_was_empty
Crate	src/inspect/detail/mod.rs::tests::declaration_edges_include_fixtures
Crate	src/inspect/detail/mod.rs::tests::detail_sigil_matches_node_kind_for_every_kind
Crate	src/inspect/detail/mod.rs::tests::edge_node_at_out_of_bounds_returns_none
Crate	src/inspect/detail/mod.rs::tests::fixture_edges_include_consumers_and_declaration
Crate	src/inspect/detail/mod.rs::tests::fixture_edges_include_plugin
Crate	src/inspect/detail/mod.rs::tests::fixture_with_no_edges_has_zero_count
Crate	src/inspect/detail/mod.rs::tests::mark_edges_are_used_by_tests
Crate	src/inspect/detail/mod.rs::tests::plugin_edges_are_fixtures
Crate	src/inspect/detail/mod.rs::tests::preview_declaration_shows_fixtures
Crate	src/inspect/detail/mod.rs::tests::preview_fixture_shows_consumers_section
Crate	src/inspect/detail/mod.rs::tests::preview_fixture_shows_scope_and_source
Crate	src/inspect/detail/mod.rs::tests::preview_mark_shows_tests_section
Crate	src/inspect/detail/mod.rs::tests::preview_plugin_shows_protocols_and_fixtures
Crate	src/inspect/detail/mod.rs::tests::preview_test_shows_async_and_edges
Crate	src/inspect/detail/mod.rs::tests::preview_truncates_edges_at_three
Crate	src/inspect/detail/mod.rs::tests::render_detail_declaration_shows_fixtures
Crate	src/inspect/detail/mod.rs::tests::render_detail_fixture_shows_all_fields
Crate	src/inspect/detail/mod.rs::tests::render_detail_mark_shows_used_by
Crate	src/inspect/detail/mod.rs::tests::render_detail_none_shows_placeholder
Crate	src/inspect/detail/mod.rs::tests::render_detail_plugin_shows_protocols_and_fixtures
Crate	src/inspect/detail/mod.rs::tests::render_detail_test_parametrized_shows_variants
Crate	src/inspect/detail/mod.rs::tests::render_detail_test_shows_all_fields
Crate	src/inspect/detail/mod.rs::tests::render_group_detail_empty_indices
Crate	src/inspect/detail/mod.rs::tests::render_group_detail_shows_base_name_and_variant_count
Crate	src/inspect/detail/mod.rs::tests::render_group_detail_shows_shared_marks
Crate	src/inspect/detail/mod.rs::tests::test_edges_include_fixtures_and_marks
Crate	src/inspect/graph/builder.rs::tests::add_fixture_entries_creates_fixture_nodes
Crate	src/inspect/graph/builder.rs::tests::add_mark_entries_creates_mark_nodes
Crate	src/inspect/graph/builder.rs::tests::add_plugin_entries_creates_plugin_nodes
Crate	src/inspect/graph/builder.rs::tests::add_test_entries_creates_test_nodes
Crate	src/inspect/graph/builder.rs::tests::autouse_entries_pair_each_name_with_its_lifetime_in_order
Crate	src/inspect/graph/builder.rs::tests::autouse_entries_store_an_empty_set_for_a_module_with_none
Crate	src/inspect/graph/builder.rs::tests::build_empty_graph
Crate	src/inspect/graph/builder.rs::tests::builtin_fixture_creates_no_declaration_node
Crate	src/inspect/graph/builder.rs::tests::declaration_node_carries_anchor_and_home
Crate	src/inspect/graph/builder.rs::tests::deduplication_by_name
Crate	src/inspect/graph/builder.rs::tests::deduplication_mark_by_name
Crate	src/inspect/graph/builder.rs::tests::deduplication_plugin_by_name
Crate	src/inspect/graph/builder.rs::tests::deduplication_test_by_node_id
Crate	src/inspect/graph/builder.rs::tests::fixture_dep_entries_deduplicates_across_repeated_calls
Crate	src/inspect/graph/builder.rs::tests::fixture_dep_entries_deduplicates_edges
Crate	src/inspect/graph/builder.rs::tests::fixture_dep_entries_in_progressive_loading
Crate	src/inspect/graph/builder.rs::tests::fixture_dep_entries_multiple_fixtures_per_test
Crate	src/inspect/graph/builder.rs::tests::fixture_dep_entries_unknown_fixture_silently_skipped
Crate	src/inspect/graph/builder.rs::tests::fixture_dep_entries_unknown_test_silently_skipped
Crate	src/inspect/graph/builder.rs::tests::fixture_dep_entries_wire_test_to_fixture_edges
Crate	src/inspect/graph/builder.rs::tests::fixture_entry_missing_name_produces_empty_name
Crate	src/inspect/graph/builder.rs::tests::fixture_plugin_source_does_not_create_declaration
Crate	src/inspect/graph/builder.rs::tests::fixtures_from_same_declaration_share_declaration_node
Crate	src/inspect/graph/builder.rs::tests::from_graph_deduplicates_on_merge
Crate	src/inspect/graph/builder.rs::tests::from_graph_preserves_existing_nodes
Crate	src/inspect/graph/builder.rs::tests::from_graph_resolves_fixture_to_declaration_edges
Crate	src/inspect/graph/builder.rs::tests::resolve_edges_creates_mark_if_not_already_added
Crate	src/inspect/graph/builder.rs::tests::resolve_edges_parametrize_grouping
Crate	src/inspect/graph/builder.rs::tests::resolve_edges_wires_fixture_to_declaration
Crate	src/inspect/graph/builder.rs::tests::resolve_edges_wires_fixture_to_plugin
Crate	src/inspect/graph/builder.rs::tests::resolve_edges_wires_test_to_mark
Crate	src/inspect/graph/builder.rs::tests::test_entry_missing_name_produces_empty_node_id
Crate	src/inspect/graph/builder.rs::tests::two_nameless_test_entries_deduplicate_on_empty_key
Crate	src/inspect/graph/mod.rs::tests::all_node_refs_returns_all_nodes
Crate	src/inspect/graph/mod.rs::tests::base_test_name_returns_full_id_when_no_bracket
Crate	src/inspect/graph/mod.rs::tests::base_test_name_strips_param_id
Crate	src/inspect/graph/mod.rs::tests::empty_graph_is_empty
Crate	src/inspect/graph/mod.rs::tests::is_empty_returns_false_when_any_vector_has_nodes
Crate	src/inspect/graph/mod.rs::tests::node_count_returns_vector_length
Crate	src/inspect/graph/mod.rs::tests::node_name_returns_correct_name_for_each_kind
Crate	src/inspect/graph/mod.rs::tests::relativize_paths_empty_rootdir_noop
Crate	src/inspect/graph/mod.rs::tests::relativize_paths_no_match_unchanged
Crate	src/inspect/graph/mod.rs::tests::relativize_paths_plugin_source_unchanged
Crate	src/inspect/graph/mod.rs::tests::relativize_paths_strips_prefix
Crate	src/inspect/graph/mod.rs::tests::relativize_paths_trailing_slash
Crate	src/inspect/graph/mod.rs::tests::sigil_returns_correct_char_for_each_kind
Crate	src/inspect/input.rs::tests::backspace_pops_without_opening_history
Crate	src/inspect/input.rs::tests::capital_h_opens_history_screen
Crate	src/inspect/input.rs::tests::context_search_on_disambiguation_uses_matches
Crate	src/inspect/input.rs::tests::context_search_on_history_uses_history_entries
Crate	src/inspect/input.rs::tests::context_search_on_node_focus_uses_edge_nodes
Crate	src/inspect/input.rs::tests::context_search_on_overview_uses_overview_items
Crate	src/inspect/input.rs::tests::cursor_moves_on_history_screen
Crate	src/inspect/input.rs::tests::e_key_flashes_on_plugin
Crate	src/inspect/input.rs::tests::e_key_in_source_view_sets_editor_request
Crate	src/inspect/input.rs::tests::e_key_sets_editor_request
Crate	src/inspect/input.rs::tests::enter_on_history_navigates_to_node_focus
Crate	src/inspect/input.rs::tests::esc_exits_source_view
Crate	src/inspect/input.rs::tests::h_key_pops_back
Crate	src/inspect/input.rs::tests::input_ctrl_c_quits_from_any_mode
Crate	src/inspect/input.rs::tests::input_key_esc_exits_search
Crate	src/inspect/input.rs::tests::input_key_esc_sets_quit_in_normal
Crate	src/inspect/input.rs::tests::input_key_q_sets_quit
Crate	src/inspect/input.rs::tests::input_key_slash_enters_search
Crate	src/inspect/input.rs::tests::input_question_mark_toggles_help
Crate	src/inspect/input.rs::tests::input_search_backspace_syncs_query
Crate	src/inspect/input.rs::tests::input_search_down_selects_next
Crate	src/inspect/input.rs::tests::input_search_enter_keeps_results
Crate	src/inspect/input.rs::tests::input_search_esc_clears_search_state
Crate	src/inspect/input.rs::tests::input_search_mode_appends_chars
Crate	src/inspect/input.rs::tests::input_search_mode_backspace_removes_char
Crate	src/inspect/input.rs::tests::input_search_syncs_query_to_search_state
Crate	src/inspect/input.rs::tests::input_search_up_selects_prev
Crate	src/inspect/input.rs::tests::input_slash_resets_search_state
Crate	src/inspect/input.rs::tests::left_arrow_pops_without_opening_history
Crate	src/inspect/input.rs::tests::q_exits_source_view_without_quitting
Crate	src/inspect/input.rs::tests::r_key_triggers_refresh_noop_without_args
Crate	src/inspect/input.rs::tests::s_key_enters_source_view_for_fixture
Crate	src/inspect/input.rs::tests::s_key_flashes_on_mark
Crate	src/inspect/input.rs::tests::search_clears_results_on_no_match
Crate	src/inspect/input.rs::tests::search_populates_results_on_keypress
Crate	src/inspect/input.rs::tests::search_total_candidates_set_on_graph_load
Crate	src/inspect/input.rs::tests::source_view_scroll_keys
Crate	src/inspect/input.rs::tests::space_on_overview_is_noop
Crate	src/inspect/input.rs::tests::tab_refreshes_search_results
Crate	src/inspect/input.rs::tests::tab_toggles_scope_mode_in_search
Crate	src/inspect/mod.rs::tests::default_inspect_args_has_no_filters
Crate	src/inspect/mod.rs::tests::expression_filter_async_predicate
Crate	src/inspect/mod.rs::tests::expression_filter_name_contains
Crate	src/inspect/mod.rs::tests::expression_filter_not_operator
Crate	src/inspect/mod.rs::tests::expression_filter_retains_matching_entries
Crate	src/inspect/mod.rs::tests::expression_then_lf_narrows_progressively
Crate	src/inspect/mod.rs::tests::failed_filter_ff_resolves_to_first
Crate	src/inspect/mod.rs::tests::failed_filter_lf_resolves_to_only
Crate	src/inspect/mod.rs::tests::failed_filter_none_resolves_to_none
Crate	src/inspect/mod.rs::tests::lf_filter_empty_cache_removes_all
Crate	src/inspect/mod.rs::tests::lf_filter_retains_only_failed_ids
Crate	src/inspect/mod.rs::tests::no_expression_filter_passes_all
Crate	src/inspect/mod.rs::tests::phase2_args_carries_the_config_for_declaration_registration
Crate	src/inspect/mod.rs::tests::phase2_args_carries_the_configs_rootdir
Crate	src/inspect/nav.rs::tests::breadcrumb_overview_only
Crate	src/inspect/nav.rs::tests::breadcrumb_skips_disambiguation_and_history
Crate	src/inspect/nav.rs::tests::breadcrumb_with_node_focus
Crate	src/inspect/nav.rs::tests::trail_current_mut_allows_cursor_update
Crate	src/inspect/nav.rs::tests::trail_direct_jump_case_insensitive
Crate	src/inspect/nav.rs::tests::trail_direct_jump_multiple_matches_pushes_disambiguation
Crate	src/inspect/nav.rs::tests::trail_direct_jump_no_match_stays_overview
Crate	src/inspect/nav.rs::tests::trail_direct_jump_single_match_pushes_node_focus
Crate	src/inspect/nav.rs::tests::trail_pop_at_root_returns_false
Crate	src/inspect/nav.rs::tests::trail_pop_returns_to_overview
Crate	src/inspect/nav.rs::tests::trail_push_changes_current_screen
Crate	src/inspect/nav.rs::tests::trail_starts_at_overview
Crate	src/inspect/overview.rs::tests::empty_graph_has_no_signals
Crate	src/inspect/overview.rs::tests::flat_cursor_mapping_covers_all_items
Crate	src/inspect/overview.rs::tests::flat_cursor_mapping_item_kinds_are_correct
Crate	src/inspect/overview.rs::tests::gravity_excludes_fixtures_with_zero_consumers
Crate	src/inspect/overview.rs::tests::gravity_sorted_descending_by_consumer_count
Crate	src/inspect/overview.rs::tests::item_at_returns_signal_variant_for_signal_index
Crate	src/inspect/overview.rs::tests::node_ref_at_returns_correct_kind
Crate	src/inspect/overview.rs::tests::node_ref_at_returns_first_affected_for_signal
Crate	src/inspect/overview.rs::tests::sections_from_empty_graph_are_empty
Crate	src/inspect/overview.rs::tests::sections_from_graph_populates_all_three_sections
Crate	src/inspect/overview.rs::tests::signals_included_in_item_count
Crate	src/inspect/overview.rs::tests::signals_populated_from_graph_with_unused_fixture
Crate	src/inspect/search.rs::tests::looks_like_dsl_plain_text
Crate	src/inspect/search.rs::tests::looks_like_dsl_with_ampersand
Crate	src/inspect/search.rs::tests::looks_like_dsl_with_parens
Crate	src/inspect/search.rs::tests::looks_like_dsl_with_pipe
Crate	src/inspect/search.rs::tests::search_case_insensitive
Crate	src/inspect/search.rs::tests::search_context_scope_empty_candidates
Crate	src/inspect/search.rs::tests::search_context_scope_filters_to_candidates
Crate	src/inspect/search.rs::tests::search_context_scope_test_only
Crate	src/inspect/search.rs::tests::search_dsl_boolean_and
Crate	src/inspect/search.rs::tests::search_dsl_boolean_or
Crate	src/inspect/search.rs::tests::search_dsl_name_predicate
Crate	src/inspect/search.rs::tests::search_dsl_parse_failure_falls_back_to_substring
Crate	src/inspect/search.rs::tests::search_empty_query_returns_empty
Crate	src/inspect/search.rs::tests::search_no_match_returns_empty
Crate	src/inspect/search.rs::tests::search_plain_text_no_dsl_attempt
Crate	src/inspect/search.rs::tests::search_substring_match
Crate	src/inspect/search.rs::tests::try_compile_invalid_dsl
Crate	src/inspect/search.rs::tests::try_compile_plain_text
Crate	src/inspect/search.rs::tests::try_compile_valid_dsl
Crate	src/inspect/signals.rs::tests::ambient_fixture_is_never_reported_unused
Crate	src/inspect/signals.rs::tests::autouse_fixture_not_flagged
Crate	src/inspect/signals.rs::tests::builtin_fixture_not_flagged
Crate	src/inspect/signals.rs::tests::detect_signals_empty_graph_returns_empty
Crate	src/inspect/signals.rs::tests::fixture_below_fan_in_threshold_not_flagged
Crate	src/inspect/signals.rs::tests::high_fan_in_detected
Crate	src/inspect/signals.rs::tests::unused_fixture_detected
Crate	src/inspect/signals.rs::tests::unused_fixture_detected_in_all_three_declaration_homes
Crate	src/inspect/source.rs::tests::builtin_fixture_returns_none
Crate	src/inspect/source.rs::tests::declaration_kind_returns_none
Crate	src/inspect/source.rs::tests::empty_fixture_source_returns_none
Crate	src/inspect/source.rs::tests::fixture_source_location
Crate	src/inspect/source.rs::tests::mark_returns_none
Crate	src/inspect/source.rs::tests::plugin_fixture_source_returns_none
Crate	src/inspect/source.rs::tests::plugin_kind_returns_none
Crate	src/inspect/source.rs::tests::read_source_lines_nonexistent_file
Crate	src/inspect/source.rs::tests::read_source_lines_real_file
Crate	src/inspect/source.rs::tests::test_source_location_extracts_file
Crate	src/inspect/source.rs::tests::test_source_location_no_separator
Crate	src/inspect/ui.rs::snapshot_tests::snap_footer_normal_mode
Crate	src/inspect/ui.rs::snapshot_tests::snap_footer_search_mode
Crate	src/inspect/ui.rs::snapshot_tests::snap_help_overlay_visible
Crate	src/inspect/ui.rs::snapshot_tests::snap_history_screen_empty
Crate	src/inspect/ui.rs::snapshot_tests::snap_history_screen_with_entries
Crate	src/inspect/ui.rs::snapshot_tests::snap_home_screen_with_graph
Crate	src/inspect/ui.rs::snapshot_tests::snap_narrow_layout_renders_adjusted_split
Crate	src/inspect/ui.rs::snapshot_tests::snap_node_focus
Crate	src/inspect/ui.rs::snapshot_tests::snap_overview_cursor_on_second
Crate	src/inspect/ui.rs::snapshot_tests::snap_overview_declarations_section
Crate	src/inspect/ui.rs::snapshot_tests::snap_search_query_displayed
Crate	src/inspect/ui.rs::snapshot_tests::snap_single_pane_layout
Crate	src/inspect/ui.rs::snapshot_tests::snap_wide_layout_renders_two_panes
Crate	src/inspect/ui.rs::tests::adaptive_layout_boundary_79_single_pane
Crate	src/inspect/ui.rs::tests::adaptive_layout_boundary_80
Crate	src/inspect/ui.rs::tests::adaptive_layout_long_preview_widens_right
Crate	src/inspect/ui.rs::tests::adaptive_layout_narrow_single_pane
Crate	src/inspect/ui.rs::tests::adaptive_layout_short_preview_widens_left
Crate	src/inspect/ui.rs::tests::adaptive_layout_wide_two_panes
Crate	src/inspect/ui.rs::tests::adaptive_layout_width_invariant
Crate	src/inspect/ui.rs::tests::test_rows_collapsed_groups_single_row
Crate	src/inspect/ui.rs::tests::test_rows_empty_graph
Crate	src/inspect/ui.rs::tests::test_rows_expanded_group_shows_header_and_variants
Crate	src/inspect/ui.rs::tests::test_rows_standalone_only
Crate	src/inspect/ui.rs::tests::update_scroll_cursor_above_viewport
Crate	src/inspect/ui.rs::tests::update_scroll_cursor_below_viewport
Crate	src/inspect/ui.rs::tests::update_scroll_cursor_visible_no_change
Crate	src/inspect/ui.rs::tests::update_scroll_zero_viewport
Crate	src/module_defs.rs::tests::a_bare_fixture_decorator_still_counts_as_a_declaration
Crate	src/module_defs.rs::tests::a_class_is_never_flagged
Crate	src/module_defs.rs::tests::a_method_inside_a_class_is_never_flagged
Crate	src/module_defs.rs::tests::a_plain_module_level_helper_is_flagged
Crate	src/module_defs.rs::tests::async_def_is_covered_too
Crate	src/module_defs.rs::tests::the_detail_carries_the_name_and_the_line
Crate	src/module_defs.rs::tests::the_test_name_and_fixture_overlap_is_legal_here
Crate	src/module_defs.rs::tests::the_three_legal_forms_are_legal
Crate	src/parallel/drain.rs::drain_tests::an_interrupted_phase_reports_nothing_for_an_undispatched_item
Crate	src/parallel/drain.rs::drain_tests::disconnected_mid_group_returns_received_count
Crate	src/parallel/drain.rs::drain_tests::drain_remaining_into_crashed_emits_error_for_every_item
Crate	src/parallel/drain.rs::drain_tests::drain_remaining_into_crashed_is_noop_on_empty_scheduler
Crate	src/parallel/drain.rs::drain_tests::drain_until_eof_empty_lines_do_not_reset_the_deadline
Crate	src/parallel/drain.rs::drain_tests::drain_until_eof_gives_up_after_the_deadline
Crate	src/parallel/drain.rs::drain_tests::drain_until_eof_returns_on_disconnect
Crate	src/parallel/drain.rs::drain_tests::drain_until_eof_stops_at_the_line_cap
Crate	src/parallel/drain.rs::drain_tests::empty_lines_are_skipped_and_disconnect_is_reported
Crate	src/parallel/drain.rs::drain_tests::empty_lines_before_valid_result_still_complete
Crate	src/parallel/drain.rs::drain_tests::exact_expected_results_returns_complete
Crate	src/parallel/drain.rs::drain_tests::json_that_is_not_a_result_emits_error_sentinel
Crate	src/parallel/drain.rs::drain_tests::json_without_a_type_field_does_not_consume_a_result_slot
Crate	src/parallel/drain.rs::drain_tests::json_without_a_type_field_does_not_reset_the_deadline
Crate	src/parallel/drain.rs::drain_tests::non_protocol_line_does_not_consume_a_result_slot
Crate	src/parallel/drain.rs::drain_tests::non_protocol_lines_spin_without_progress
Crate	src/parallel/drain.rs::drain_tests::silent_channel_triggers_timeout
Crate	src/parallel/drain.rs::drain_tests::unknown_outcome_produces_error_sentinel
Crate	src/parallel/drain.rs::drain_tests::valid_result_resets_deadline
Crate	src/parallel/drain.rs::drain_tests::version_mismatch_still_forwards_result
Crate	src/parallel/drain.rs::repro_tests::bug44_empty_lines_spin_without_progress
Crate	src/parallel/drain.rs::result_handler_tests::known_node_id_returns_outcome_and_notifies_reporter
Crate	src/parallel/drain.rs::result_handler_tests::unknown_node_id_returns_none_and_skips_reporter
Crate	src/parallel/drain.rs::skipped_teardown_message_tests::a_suite_without_the_tier_says_nothing
Crate	src/parallel/drain.rs::skipped_teardown_message_tests::the_message_does_not_claim_the_worker_built_them_all
Crate	src/parallel/drain.rs::skipped_teardown_message_tests::the_message_names_the_worker_and_every_declared_fixture
Crate	src/parallel/mod.rs::fixture_module_payload_tests::empty_input_serializes_to_an_empty_array
Crate	src/parallel/mod.rs::fixture_module_payload_tests::no_plugins_serializes_to_empty_collections
Crate	src/parallel/mod.rs::fixture_module_payload_tests::plugin_inputs_serialize_under_the_keys_the_worker_reads
Crate	src/parallel/mod.rs::fixture_module_payload_tests::serializes_to_the_shape_the_worker_reads
Crate	src/parallel/mod.rs::worker_count_tests::auto_cold_cache_returns_cpu_count
Crate	src/parallel/mod.rs::worker_count_tests::auto_scale_caps_to_cpu_count
Crate	src/parallel/mod.rs::worker_count_tests::auto_scale_caps_to_needed_workers
Crate	src/parallel/mod.rs::worker_count_tests::auto_warm_cache_caps_to_cpu
Crate	src/parallel/mod.rs::worker_count_tests::auto_warm_cache_scales_to_needed
Crate	src/parallel/mod.rs::worker_count_tests::cold_cache_returns_cpu_count
Crate	src/parallel/mod.rs::worker_count_tests::crashed_sentinel_converts_to_error_outcome
Crate	src/parallel/mod.rs::worker_count_tests::crashed_sentinel_is_error_outcome
Crate	src/parallel/mod.rs::worker_count_tests::explicit_workers_bypasses_auto_scale
Crate	src/parallel/mod.rs::worker_count_tests::serial_overrides_explicit_workers
Crate	src/parallel/mod.rs::worker_count_tests::serial_returns_1
Crate	src/parallel/mod.rs::worker_count_tests::short_suite_uses_one_worker
Crate	src/parallel/mod.rs::worker_count_tests::timed_out_sentinel_has_error_outcome_and_preserves_duration
Crate	src/parallel/mod.rs::worker_count_tests::timed_out_sentinel_is_error_outcome
Crate	src/parallel/mod.rs::worker_count_tests::unknown_status_is_deser_error
Crate	src/parallel/mod.rs::worker_count_tests::worker_result_no_message_lines_filters_negatives_and_zero
Crate	src/parallel/mod.rs::worker_count_tests::worker_result_populates_error_diagnostic_fields
Crate	src/parallel/mod.rs::worker_count_tests::worker_result_populates_failed_diagnostic_fields
Crate	src/parallel/mod.rs::worker_count_tests::worker_result_to_outcome_maps_all_known_status_strings
Crate	src/parallel/pool.rs::prewarm_tests::kill_pool_on_empty_is_noop
Crate	src/parallel/pool.rs::prewarm_tests::kill_pool_terminates_all_processes
Crate	src/parallel/pool.rs::prewarm_tests::pool_guard_empty_drop_is_noop
Crate	src/parallel/pool.rs::prewarm_tests::pool_guard_kills_on_drop
Crate	src/parallel/pool.rs::prewarm_tests::pool_guard_take_prevents_kill_on_drop
Crate	src/parallel/pool.rs::prewarm_tests::prewarm_spawns_requested_count
Crate	src/parallel/pool.rs::prewarm_tests::prewarm_with_invalid_binary_returns_empty_pool
Crate	src/parallel/pool.rs::prewarm_tests::prewarmed_worker_pipes_are_wired
Crate	src/parallel_context.rs::tests::concurrent_tests_returns_snapshot
Crate	src/parallel_context.rs::tests::fmt_line_more_than_three_concurrent
Crate	src/parallel_context.rs::tests::fmt_line_no_concurrent
Crate	src/parallel_context.rs::tests::fmt_line_node_id_without_separator
Crate	src/parallel_context.rs::tests::fmt_line_one_concurrent
Crate	src/parallel_context.rs::tests::fmt_line_three_concurrent
Crate	src/pipeline/arrange.rs::tests::plan_execution_arranges_nothing_when_no_component_is_declared
Crate	src/pipeline/arrange.rs::tests::plan_execution_arranges_the_groups_that_name_a_component
Crate	src/pipeline/arrange.rs::tests::plan_execution_ignores_components_when_the_run_is_serial
Crate	src/pipeline/arrange.rs::tests::test_a_declaring_module_follows_the_inprocess_mark
Crate	src/pipeline/arrange.rs::tests::test_a_declaring_module_stays_whole_inside_its_component
Crate	src/pipeline/arrange.rs::tests::test_a_declaring_package_subtree_follows_an_inprocess_mark_anywhere_beneath_it
Crate	src/pipeline/arrange.rs::tests::test_a_declaring_package_subtree_that_arranges_nothing_stays_whole_in_the_remainder
Crate	src/pipeline/arrange.rs::tests::test_a_declaring_package_subtree_travels_whole_into_one_component
Crate	src/pipeline/arrange.rs::tests::test_a_declaring_package_subtree_without_a_mark_keeps_its_parallelism
Crate	src/pipeline/arrange.rs::tests::test_an_unrelated_subtree_is_untouched_by_a_declaring_neighbour
Crate	src/pipeline/arrange.rs::tests::test_partition_by_fixture_groups_no_groups
Crate	src/pipeline/arrange.rs::tests::test_partition_by_fixture_groups_splits_by_fixture
Crate	src/pipeline/arrange.rs::tests::test_partition_by_fixture_groups_transitive
Crate	src/pipeline/arrange.rs::tests::test_partition_inprocess_groups_all_inprocess
Crate	src/pipeline/arrange.rs::tests::test_partition_inprocess_groups_multiple_modules
Crate	src/pipeline/arrange.rs::tests::test_partition_inprocess_groups_no_inprocess
Crate	src/pipeline/arrange.rs::tests::test_partition_inprocess_groups_splits_mixed_module
Crate	src/pipeline/arrange.rs::tests::test_the_outermost_anchor_owns_the_subtree_whatever_order_the_anchors_arrive_in
Crate	src/pipeline/collection.rs::file_prescreen_tests::file_entry_matches_only_exact_path
Crate	src/pipeline/collection.rs::file_prescreen_tests::multiple_entries_union
Crate	src/pipeline/collection.rs::file_prescreen_tests::prefix_entry_matches_nested_files
Crate	src/pipeline/collection.rs::file_prescreen_tests::prefix_entry_rejects_sibling_files
Crate	src/pipeline/collection.rs::file_prescreen_tests::symbol_entry_matches_files_by_path
Crate	src/pipeline/collection.rs::tests::a_declared_directory_holding_no_tests_does_not_move_the_root
Crate	src/pipeline/collection.rs::tests::a_missing_root_hard_fails_rather_than_pending
Crate	src/pipeline/collection.rs::tests::a_plugin_home_carries_no_tree_root
Crate	src/pipeline/collection.rs::tests::a_roots_entry_naming_a_missing_path_is_refused
Crate	src/pipeline/collection.rs::tests::a_user_home_keeps_its_tree_root
Crate	src/pipeline/collection.rs::tests::a_wholly_external_declaration_keeps_its_own_root
Crate	src/pipeline/collection.rs::tests::ast_declarations_preserves_the_scheduler_answer_when_registration_fails
Crate	src/pipeline/collection.rs::tests::chain_from_below_the_root_includes_every_directory_up_to_it
Crate	src/pipeline/collection.rs::tests::chain_of_a_directory_outside_the_root_is_only_itself
Crate	src/pipeline/collection.rs::tests::chain_of_the_rootdir_package_itself_is_just_that_directory
Crate	src/pipeline/collection.rs::tests::chain_without_a_rootdir_package_is_only_the_directory
Crate	src/pipeline/collection.rs::tests::collect_coverage_diagnostics_emits_when_scope_public_and_strict_enforce
Crate	src/pipeline/collection.rs::tests::collect_coverage_diagnostics_excludes_test_files_from_public_subject_scan
Crate	src/pipeline/collection.rs::tests::collect_coverage_diagnostics_respects_doctest_skip_prefix
Crate	src/pipeline/collection.rs::tests::collect_coverage_diagnostics_returns_empty_when_no_doctest_config
Crate	src/pipeline/collection.rs::tests::collect_coverage_diagnostics_returns_empty_when_strict_absent
Crate	src/pipeline/collection.rs::tests::collect_coverage_diagnostics_returns_empty_when_strict_off
Crate	src/pipeline/collection.rs::tests::conftest_py_excluded_from_public_subject_scanning
Crate	src/pipeline/collection.rs::tests::declared_dir_of_a_directory_is_itself
Crate	src/pipeline/collection.rs::tests::declared_dir_of_a_file_is_its_parent
Crate	src/pipeline/collection.rs::tests::declared_directories_that_all_lack_tests_keep_the_unfiltered_fold
Crate	src/pipeline/collection.rs::tests::empty_roots_leaves_coverage_roots_on_the_declared_tree
Crate	src/pipeline/collection.rs::tests::enforce_is_purely_warn_only_after_purge
Crate	src/pipeline/collection.rs::tests::enforce_maps_to_warning_severity
Crate	src/pipeline/collection.rs::tests::missing_subject_under_abort_hard_fails
Crate	src/pipeline/collection.rs::tests::privacy_gated_unparsable_file_emits_no_parse_error
Crate	src/pipeline/collection.rs::tests::profile_omits_slowest_when_all_zero
Crate	src/pipeline/collection.rs::tests::profile_shows_header_and_breakdown
Crate	src/pipeline/collection.rs::tests::profile_slowest_files_sorted_descending
Crate	src/pipeline/collection.rs::tests::rootdir_package_and_a_parent_relative_declaration
Crate	src/pipeline/collection.rs::tests::rootdir_package_climbs_to_the_common_ancestor_of_declared_siblings
Crate	src/pipeline/collection.rs::tests::rootdir_package_ignores_which_subtree_the_run_narrowed_to
Crate	src/pipeline/collection.rs::tests::rootdir_package_never_escapes_the_project
Crate	src/pipeline/collection.rs::tests::rootdir_package_of_nothing_declared_is_none
Crate	src/pipeline/collection.rs::tests::rootdir_package_of_one_declared_directory_is_that_directory
Crate	src/pipeline/collection.rs::tests::roots_wins_in_a_project_that_declares_no_testpaths
Crate	src/pipeline/collection.rs::tests::roots_wins_over_the_declared_tree_and_resolves_against_rootdir
Crate	src/pipeline/collection.rs::tests::scope_symbol_entry_reports_parse_failure_when_file_unparsable
Crate	src/pipeline/collection.rs::tests::skip_symbol_entry_reports_parse_failure_when_file_unparsable
Crate	src/pipeline/collection.rs::tests::split_coverage_diagnostics_analysis_error_hard_fails_under_abort
Crate	src/pipeline/collection.rs::tests::split_coverage_diagnostics_parse_error_hard_fails_under_abort
Crate	src/pipeline/collection.rs::tests::split_coverage_diagnostics_separates_errors_from_pending
Crate	src/pipeline/collection.rs::tests::stale_entries_promote_to_collect_error_under_abort
Crate	src/pipeline/collection.rs::tests::stale_entry_both_missing_and_disjoint_reports_the_missing_path
Crate	src/pipeline/collection.rs::tests::stale_entry_naming_a_missing_path_is_stale_under_any_invocation
Crate	src/pipeline/collection.rs::tests::stale_member_entry_abstains_when_its_file_was_not_scanned
Crate	src/pipeline/collection.rs::tests::stale_member_entry_naming_a_missing_method_is_stale
Crate	src/pipeline/collection.rs::tests::stale_prefix_entry_containing_the_declared_tree_is_never_stale
Crate	src/pipeline/collection.rs::tests::stale_prefix_entry_naming_a_regular_file_is_stale
Crate	src/pipeline/collection.rs::tests::stale_prefix_entry_whose_directory_exists_is_never_stale
Crate	src/pipeline/collection.rs::tests::stale_scope_entry_disjoint_from_the_declared_tree_is_stale
Crate	src/pipeline/collection.rs::tests::stale_scope_entry_emits_warning_under_enforce
Crate	src/pipeline/collection.rs::tests::stale_scope_file_entry_that_exists_is_never_stale
Crate	src/pipeline/collection.rs::tests::stale_scope_prefix_entry_naming_a_missing_directory_is_stale
Crate	src/pipeline/collection.rs::tests::stale_skip_entry_disjoint_from_the_declared_tree_is_stale
Crate	src/pipeline/collection.rs::tests::stale_skip_entry_emits_diagnostic
Crate	src/pipeline/collection.rs::tests::stale_skip_entry_naming_a_missing_file_is_stale
Crate	src/pipeline/collection.rs::tests::stale_symbol_entry_abstains_when_its_file_was_not_scanned
Crate	src/pipeline/collection.rs::tests::stale_symbol_entry_abstains_when_the_privacy_gate_skipped_its_file
Crate	src/pipeline/collection.rs::tests::stale_symbol_entry_naming_a_missing_function_is_stale
Crate	src/pipeline/collection.rs::tests::stale_symbol_entry_that_matched_a_subject_is_never_stale
Crate	src/pipeline/collection.rs::tests::the_unreachable_remedy_names_roots_when_roots_is_what_defines_reach
Crate	src/pipeline/collection.rs::tests::unparsable_file_in_scan_set_emits_parse_error_diagnostic
Crate	src/pipeline/collection.rs::tests::unparsable_file_under_norecursedirs_emits_no_parse_error
Crate	src/pipeline/collection.rs::tests::walk_error_diagnostic_context_is_analysis_not_coverage
Crate	src/pipeline/execution.rs::tests::multiplier_cold_cache_falls_back_to_global
Crate	src/pipeline/execution.rs::tests::multiplier_with_no_global_and_no_cache_returns_none
Crate	src/pipeline/execution.rs::tests::no_multiplier_no_global_returns_none
Crate	src/pipeline/execution.rs::tests::no_multiplier_returns_global
Crate	src/pipeline/helpers.rs::strict_abort_report_tests::test_both_paths_writable_produces_both_artifacts
Crate	src/pipeline/helpers.rs::strict_abort_report_tests::test_no_json_flag_votes_collect_error
Crate	src/pipeline/helpers.rs::strict_abort_report_tests::test_unwritable_json_path_votes_usage_error
Crate	src/pipeline/helpers.rs::strict_abort_report_tests::test_unwritable_junit_path_is_not_masked_by_a_writable_json_path
Crate	src/pipeline/helpers.rs::strict_abort_report_tests::test_unwritable_junit_path_votes_usage_error
Crate	src/pipeline/helpers.rs::strict_abort_report_tests::test_writable_json_path_votes_collect_error
Crate	src/pipeline/helpers.rs::strict_abort_report_tests::test_writable_junit_path_writes_file_and_votes_collect_error
Crate	src/pipeline/mod.rs::prefix_uniqueness_tests::duplicate_prefixes_return_error_with_both_modules
Crate	src/pipeline/mod.rs::prefix_uniqueness_tests::unique_prefixes_pass_validation
Crate	src/pipeline_phase_tests.rs::fixture_validation_format_tests::format_errors_empty_registered
Crate	src/pipeline_phase_tests.rs::fixture_validation_format_tests::format_errors_multiple
Crate	src/pipeline_phase_tests.rs::fixture_validation_format_tests::format_errors_with_suggestion
Crate	src/pipeline_phase_tests.rs::fixture_validation_format_tests::format_errors_without_suggestion
Crate	src/pipeline_phase_tests.rs::pipeline_shared_round_trip_tests::into_parts_and_into_pipeline_preserves_rootdir
Crate	src/pipeline_phase_tests.rs::pipeline_shared_round_trip_tests::into_parts_and_into_pipeline_round_trip
Crate	src/pipeline_phase_tests.rs::pipeline_shared_round_trip_tests::into_parts_and_into_pipeline_with_different_state
Crate	src/pipeline_phase_tests.rs::state_construction_tests::pipeline_debug_formats_with_rootdir
Crate	src/pipeline_phase_tests.rs::state_construction_tests::pipeline_empty_has_default_config
Crate	src/pipeline_phase_tests.rs::state_construction_tests::pipeline_files_collected_state
Crate	src/pipeline_tests.rs::ahash_tests::ahash_map_is_available
Crate	src/pipeline_tests.rs::channel_tests::crossbeam_channel_drains_when_all_senders_dropped
Crate	src/pipeline_tests.rs::color_tests::always_enables_console_colors
Crate	src/pipeline_tests.rs::color_tests::auto_returns_false_when_not_tty
Crate	src/pipeline_tests.rs::color_tests::never_returns_false
Crate	src/pipeline_tests.rs::strict_pipeline_tests::all_violations_empty_when_strict_none
Crate	src/pipeline_tests.rs::strict_pipeline_tests::partition_sends_violated_item_to_violated_vec
Crate	src/pipeline_tests.rs::tracing_tests::tracing_macros_compile_without_subscriber
Crate	src/pipeline_tests.rs::tracing_tests::tracing_structured_fields_compile
Crate	src/prescan.rs::tests::a_bare_fixture_decorator_call_counts
Crate	src/prescan.rs::tests::a_function_that_is_both_test_and_fixture_is_an_item_and_a_declaration
Crate	src/prescan.rs::tests::a_test_file_without_fixtures_collects_no_declarations
Crate	src/prescan.rs::tests::an_ordinary_test_file_stays_cache_eligible
Crate	src/prescan.rs::tests::an_unrecognized_alias_still_counts_as_a_possible_declaration
Crate	src/prescan.rs::tests::body_weight_async_bonus
Crate	src/prescan.rs::tests::body_weight_asyncio_sleep
Crate	src/prescan.rs::tests::body_weight_base_only
Crate	src/prescan.rs::tests::body_weight_fixture_params
Crate	src/prescan.rs::tests::body_weight_heavy_import_adds_20
Crate	src/prescan.rs::tests::body_weight_many_statements
Crate	src/prescan.rs::tests::body_weight_sleep_dynamic_arg
Crate	src/prescan.rs::tests::body_weight_sleep_literal_float
Crate	src/prescan.rs::tests::body_weight_sleep_literal_int
Crate	src/prescan.rs::tests::declaration_lineno_points_at_the_def_not_the_decorator
Crate	src/prescan.rs::tests::fx_usage_extraction::a_dynamic_access_is_not_extracted
Crate	src/prescan.rs::tests::fx_usage_extraction::a_fixture_annotated_parameter_is_not_a_proxy
Crate	src/prescan.rs::tests::fx_usage_extraction::a_qualified_chain_is_not_also_counted_as_a_shortcut
Crate	src/prescan.rs::tests::fx_usage_extraction::a_test_with_no_proxy_parameter_extracts_nothing
Crate	src/prescan.rs::tests::fx_usage_extraction::an_unannotated_parameter_named_fx_is_not_a_proxy
Crate	src/prescan.rs::tests::fx_usage_extraction::every_syntactic_position_is_reached
Crate	src/prescan.rs::tests::fx_usage_extraction::follows_the_annotated_parameter_not_the_name_fx
Crate	src/prescan.rs::tests::fx_usage_extraction::reaches_inside_a_branch_that_never_executes
Crate	src/prescan.rs::tests::fx_usage_extraction::reaches_inside_a_nested_function
Crate	src/prescan.rs::tests::fx_usage_extraction::reaches_through_a_call_argument
Crate	src/prescan.rs::tests::fx_usage_extraction::reads_the_documented_shortcut_form
Crate	src/prescan.rs::tests::fx_usage_extraction::reads_the_qualified_form
Crate	src/prescan.rs::tests::heavy_imports_no_heavy
Crate	src/prescan.rs::tests::heavy_imports_requests
Crate	src/prescan.rs::tests::heavy_imports_sqlalchemy_from_import
Crate	src/prescan.rs::tests::inline_fixture_beside_a_test_is_collected
Crate	src/prescan.rs::tests::is_literal_expr_constant
Crate	src/prescan.rs::tests::is_literal_expr_empty_tuple
Crate	src/prescan.rs::tests::is_literal_expr_list_with_name_is_false
Crate	src/prescan.rs::tests::is_literal_expr_tuple_of_constants
Crate	src/prescan.rs::tests::is_stdlib_module_rejects_third_party
Crate	src/prescan.rs::tests::prescan_detects_dynamic_collection_eval
Crate	src/prescan.rs::tests::prescan_detects_dynamic_collection_exec
Crate	src/prescan.rs::tests::prescan_detects_dynamic_collection_getattr
Crate	src/prescan.rs::tests::prescan_detects_dynamic_collection_globals_assignment
Crate	src/prescan.rs::tests::prescan_detects_dynamic_collection_star_import
Crate	src/prescan.rs::tests::prescan_detects_type_metaclass_creation
Crate	src/prescan.rs::tests::prescan_extracts_module_level_marks
Crate	src/prescan.rs::tests::prescan_extracts_module_level_marks_call_form
Crate	src/prescan.rs::tests::prescan_items_detects_dynamic_marker_args
Crate	src/prescan.rs::tests::prescan_items_extracts_bare_mark_parametrize
Crate	src/prescan.rs::tests::prescan_items_extracts_class_methods
Crate	src/prescan.rs::tests::prescan_items_extracts_fixture_param_annotations
Crate	src/prescan.rs::tests::prescan_items_extracts_function_metadata
Crate	src/prescan.rs::tests::prescan_items_extracts_oxi_fixture_annotation
Crate	src/prescan.rs::tests::prescan_items_extracts_parametrize_case_ids
Crate	src/prescan.rs::tests::slice1_recognizer_tests::async_function_counts_as_unrecognized_decoration
Crate	src/prescan.rs::tests::slice1_recognizer_tests::falls_through_on_dynamic_decoration
Crate	src/prescan.rs::tests::slice1_recognizer_tests::no_fixtures_file_returns_nofixtures
Crate	src/prescan.rs::tests::slice1_recognizer_tests::parse_error_line_is_correct_with_crlf_line_endings
Crate	src/prescan.rs::tests::slice1_recognizer_tests::parse_error_reports_the_line_it_is_on
Crate	src/prescan.rs::tests::slice1_recognizer_tests::parse_error_returns_unavailable
Crate	src/prescan.rs::tests::slice1_recognizer_tests::recognizes_async_fixture_declaration
Crate	src/prescan.rs::tests::slice1_recognizer_tests::recognizes_declaration_with_extra_keywords
Crate	src/prescan.rs::tests::slice1_recognizer_tests::recognizes_direct_fixture_import
Crate	src/prescan.rs::tests::slice1_recognizer_tests::recognizes_oxi_fixture_call
Crate	src/prescan.rs::tests::slice1_recognizer_tests::rejects_unsupported_decorator_shapes
Crate	src/prescan.rs::tests::two_inline_fixtures_keep_their_separate_lifetimes
Crate	src/python_ast.rs::tests::compound_children_of_if
Crate	src/python_ast.rs::tests::compound_children_of_simple_stmt
Crate	src/python_ast.rs::tests::compound_children_of_try
Crate	src/python_ast.rs::tests::count_tests_async_function
Crate	src/python_ast.rs::tests::count_tests_class_methods
Crate	src/python_ast.rs::tests::count_tests_empty_file
Crate	src/python_ast.rs::tests::count_tests_mixed_module_and_class
Crate	src/python_ast.rs::tests::count_tests_multiple_functions
Crate	src/python_ast.rs::tests::count_tests_no_tests
Crate	src/python_ast.rs::tests::count_tests_non_test_class_ignored
Crate	src/python_ast.rs::tests::count_tests_single_function
Crate	src/python_ast.rs::tests::extract_marks_call_form
Crate	src/python_ast.rs::tests::extract_marks_deduplicates
Crate	src/python_ast.rs::tests::extract_marks_from_class_methods
Crate	src/python_ast.rs::tests::extract_marks_from_decorator
Crate	src/python_ast.rs::tests::extract_marks_multiple
Crate	src/python_ast.rs::tests::extract_marks_oxitest_prefix
Crate	src/python_ast.rs::tests::extract_marks_skip_parametrize
Crate	src/python_ast.rs::tests::fn_def_from_async_function
Crate	src/python_ast.rs::tests::fn_def_from_class_returns_none
Crate	src/python_ast.rs::tests::fn_def_from_non_function_returns_none
Crate	src/python_ast.rs::tests::fn_def_from_sync_function
Crate	src/python_ast.rs::tests::line_index_empty_source
Crate	src/python_ast.rs::tests::line_index_multi_line
Crate	src/python_ast.rs::tests::line_index_single_line
Crate	src/python_ast.rs::tests::parse_file_nonexistent
Crate	src/python_ast.rs::tests::parse_file_syntax_error
Crate	src/python_ast.rs::tests::parse_file_valid
Crate	src/python_ast.rs::tests::prescan_async_test_function
Crate	src/python_ast.rs::tests::prescan_empty_file
Crate	src/python_ast.rs::tests::prescan_file_with_only_imports
Crate	src/python_ast.rs::tests::prescan_mixed_module_and_class
Crate	src/python_ast.rs::tests::prescan_multiple_test_functions
Crate	src/python_ast.rs::tests::prescan_non_test_class_ignored
Crate	src/python_ast.rs::tests::prescan_non_test_functions_ignored
Crate	src/python_ast.rs::tests::prescan_nonexistent_file_returns_none
Crate	src/python_ast.rs::tests::prescan_single_test_function
Crate	src/python_ast.rs::tests::prescan_syntax_error_returns_none
Crate	src/python_ast.rs::tests::prescan_test_class_with_methods
Crate	src/python_ast.rs::tests::stub_body_async
Crate	src/python_ast.rs::tests::stub_body_docstring_and_ellipsis_is_not_stub
Crate	src/python_ast.rs::tests::stub_body_ellipsis_only
Crate	src/python_ast.rs::tests::stub_body_pass_body_is_not_stub
Crate	src/python_ast.rs::tests::stub_body_real_impl_is_not_stub
Crate	src/python_ast.rs::tests::test_class_negative
Crate	src/python_ast.rs::tests::test_class_positive
Crate	src/python_ast.rs::tests::test_fn_negative
Crate	src/python_ast.rs::tests::test_fn_positive
Crate	src/python_ast.rs::tests::walk_test_defs_class_methods
Crate	src/python_ast.rs::tests::walk_test_defs_mixed
Crate	src/python_ast.rs::tests::walk_test_defs_skips_non_test_class
Crate	src/python_ast.rs::tests::walk_test_defs_top_level_functions
Crate	src/query/compile.rs::tests::bare_word_char_accepts_ascii_letters
Crate	src/query/compile.rs::tests::bare_word_char_accepts_digits
Crate	src/query/compile.rs::tests::bare_word_char_accepts_special_chars
Crate	src/query/compile.rs::tests::bare_word_char_rejects_operators
Crate	src/query/compile.rs::tests::bare_word_char_rejects_whitespace
Crate	src/query/compile.rs::tests::lex_boolean_operators
Crate	src/query/compile.rs::tests::lex_contains_matcher
Crate	src/query/compile.rs::tests::lex_empty_parens
Crate	src/query/compile.rs::tests::lex_error_unexpected_char
Crate	src/query/compile.rs::tests::lex_error_unterminated_regex
Crate	src/query/compile.rs::tests::lex_error_unterminated_regex_span
Crate	src/query/compile.rs::tests::lex_error_unterminated_string
Crate	src/query/compile.rs::tests::lex_error_unterminated_string_span
Crate	src/query/compile.rs::tests::lex_exact_matcher
Crate	src/query/compile.rs::tests::lex_parens_grouping
Crate	src/query/compile.rs::tests::lex_quoted_string
Crate	src/query/compile.rs::tests::lex_regex_matcher
Crate	src/query/compile.rs::tests::lex_simple_predicate
Crate	src/query/compile.rs::tests::lex_single_quoted_string
Crate	src/query/compile.rs::tests::lex_word_operators
Crate	src/query/compile.rs::tests::miette_renders_unterminated_regex_with_span
Crate	src/query/compile.rs::tests::miette_renders_unterminated_string_with_span
Crate	src/query/compile.rs::tests::parse_and
Crate	src/query/compile.rs::tests::parse_boolean_predicate
Crate	src/query/compile.rs::tests::parse_contains_matcher
Crate	src/query/compile.rs::tests::parse_error_empty
Crate	src/query/compile.rs::tests::parse_error_missing_parens_on_predicate
Crate	src/query/compile.rs::tests::parse_error_unmatched_paren
Crate	src/query/compile.rs::tests::parse_exact_matcher
Crate	src/query/compile.rs::tests::parse_not
Crate	src/query/compile.rs::tests::parse_or
Crate	src/query/compile.rs::tests::parse_parens_override_precedence
Crate	src/query/compile.rs::tests::parse_precedence_not_over_and
Crate	src/query/compile.rs::tests::parse_regex_matcher
Crate	src/query/compile.rs::tests::parse_simple_predicate
Crate	src/query/detail.rs::tests::detail_fixture_entry
Crate	src/query/detail.rs::tests::detail_missing_fields_skipped
Crate	src/query/detail.rs::tests::detail_test_entry
Crate	src/query/detail.rs::tests::snap_detail_fixture_entry
Crate	src/query/detail.rs::tests::snap_detail_fixture_entry_colored
Crate	src/query/detail.rs::tests::snap_detail_test_entry
Crate	src/query/detail.rs::tests::snap_detail_test_entry_colored
Crate	src/query/eval.rs::tests::eval_and
Crate	src/query/eval.rs::tests::eval_and_short_circuit
Crate	src/query/eval.rs::tests::eval_boolean_false
Crate	src/query/eval.rs::tests::eval_boolean_missing_field
Crate	src/query/eval.rs::tests::eval_boolean_true
Crate	src/query/eval.rs::tests::eval_contains_match
Crate	src/query/eval.rs::tests::eval_contains_no_match
Crate	src/query/eval.rs::tests::eval_exact_match
Crate	src/query/eval.rs::tests::eval_exact_no_match
Crate	src/query/eval.rs::tests::eval_multi_value_contains
Crate	src/query/eval.rs::tests::eval_multi_value_exact
Crate	src/query/eval.rs::tests::eval_not
Crate	src/query/eval.rs::tests::eval_or
Crate	src/query/eval.rs::tests::eval_regex_match
Crate	src/query/eval.rs::tests::eval_regex_multiple_entries
Crate	src/query/eval.rs::tests::match_field_value_exact
Crate	src/query/eval.rs::tests::match_field_value_in_comma_list
Crate	src/query/eval.rs::tests::match_field_value_no_match
Crate	src/query/eval.rs::tests::match_field_value_substring
Crate	src/query/eval.rs::tests::match_field_value_trims_whitespace
Crate	src/query/eval.rs::tests::validate_autouse_valid_for_fixtures
Crate	src/query/eval.rs::tests::validate_invalid_predicate
Crate	src/query/eval.rs::tests::validate_protocol_valid_for_plugins
Crate	src/query/eval.rs::tests::validate_uses_valid_for_fixtures
Crate	src/query/eval.rs::tests::validate_uses_valid_for_tests
Crate	src/query/eval.rs::tests::validate_valid_predicate
Crate	src/query/extract.rs::tests::combined_extraction_matches_separate
Crate	src/query/extract.rs::tests::mark_entries_deduplicated_across_files
Crate	src/query/extract.rs::tests::mark_entries_from_decorator
Crate	src/query/extract.rs::tests::mark_entries_parametrize_excluded
Crate	src/query/extract.rs::tests::mark_entries_registered_only
Crate	src/query/extract.rs::tests::mark_entries_registered_plus_file
Crate	src/query/extract.rs::tests::test_entries_async_class_method_includes_class_name
Crate	src/query/extract.rs::tests::test_entries_async_function
Crate	src/query/extract.rs::tests::test_entries_class_methods
Crate	src/query/extract.rs::tests::test_entries_multiple_files
Crate	src/query/extract.rs::tests::test_entries_non_test_class_ignored
Crate	src/query/extract.rs::tests::test_entries_nonexistent_file_skipped
Crate	src/query/extract.rs::tests::test_entries_sync_function
Crate	src/query/extract.rs::tests::test_entries_with_mark
Crate	src/query/format.rs::tests::columnar_aligns_columns
Crate	src/query/format.rs::tests::columnar_basic
Crate	src/query/format.rs::tests::columnar_empty
Crate	src/query/format.rs::tests::columnar_footer_plural
Crate	src/query/format.rs::tests::columnar_footer_singular
Crate	src/query/format.rs::tests::jsonl_format
Crate	src/query/format.rs::tests::snap_columnar_tests
Crate	src/query/format.rs::tests::snap_jsonl_tests
Crate	src/query/format.rs::tests::snap_tab_tests
Crate	src/query/format.rs::tests::tab_delimited
Crate	src/query/format.rs::tests::tab_no_footer
Crate	src/query/fzf.rs::tests::keybindings_always_has_copy
Crate	src/query/fzf.rs::tests::keybindings_fixtures_has_header
Crate	src/query/fzf.rs::tests::keybindings_fixtures_has_tree
Crate	src/query/fzf.rs::tests::keybindings_fixtures_no_multi
Crate	src/query/fzf.rs::tests::keybindings_tests_debug_uses_single_placeholder
Crate	src/query/fzf.rs::tests::keybindings_tests_enter_uses_multi_placeholder
Crate	src/query/fzf.rs::tests::keybindings_tests_has_enter_and_debug
Crate	src/query/fzf.rs::tests::keybindings_tests_has_header
Crate	src/query/fzf.rs::tests::keybindings_tests_includes_multi
Crate	src/query/highlight.rs::tests::comments_are_preserved
Crate	src/query/highlight.rs::tests::decorator_is_colored
Crate	src/query/highlight.rs::tests::keywords_are_colored
Crate	src/query/highlight.rs::tests::no_color_returns_unchanged
Crate	src/query/highlight.rs::tests::numeric_literals_are_colored
Crate	src/query/highlight.rs::tests::snap_highlight_no_color
Crate	src/query/highlight.rs::tests::snap_highlight_test_function
Crate	src/query/highlight.rs::tests::strings_are_colored
Crate	src/query/mod.rs::tests::default_columns_fixtures
Crate	src/query/mod.rs::tests::default_columns_tests
Crate	src/query/mod.rs::tests::needs_python_fixtures_always_true
Crate	src/query/mod.rs::tests::needs_python_marks_without_expr_is_false
Crate	src/query/mod.rs::tests::needs_python_plugins_always_true
Crate	src/query/mod.rs::tests::needs_python_tests_with_autouse_expr_is_true
Crate	src/query/mod.rs::tests::needs_python_tests_with_name_expr_is_false
Crate	src/query/mod.rs::tests::needs_python_tests_with_uses_expr_is_true
Crate	src/query/mod.rs::tests::needs_python_tests_without_expr_is_false
Crate	src/query/mod.rs::tests::needs_python_with_invalid_expression_returns_true
Crate	src/reporter/ci.rs::tests::test_ci_reporter_all_pass_dots
Crate	src/reporter/ci.rs::tests::test_ci_reporter_bare_assert_shows_middot
Crate	src/reporter/ci.rs::tests::test_ci_reporter_error_shows_e
Crate	src/reporter/ci.rs::tests::test_ci_reporter_fail_shows_f
Crate	src/reporter/ci.rs::tests::test_ci_reporter_parametrize_fail_uses_case_id_format
Crate	src/reporter/ci.rs::tests::test_ci_reporter_skip_shows_s
Crate	src/reporter/ci.rs::tests::test_ci_reporter_xfail_shows_x
Crate	src/reporter/ci.rs::tests::test_ci_reporter_xpassed_lenient_shows_capital_x
Crate	src/reporter/ci.rs::tests::test_ci_reporter_xpassed_shows_capital_x
Crate	src/reporter/ci.rs::tests::test_deferred_diag_includes_parallel_context
Crate	src/reporter/ci.rs::tests::test_exit_code_all_passed
Crate	src/reporter/ci.rs::tests::test_exit_code_collect_error
Crate	src/reporter/ci.rs::tests::test_exit_code_interrupted
Crate	src/reporter/ci.rs::tests::test_exit_code_with_failure
Crate	src/reporter/ci.rs::tests::test_line_mode_emits_one_liner
Crate	src/reporter/ci.rs::tests::test_line_mode_error_emits_one_liner
Crate	src/reporter/exit.rs::tests::test_a_flaky_retry_clears_its_own_usage_error
Crate	src/reporter/exit.rs::tests::test_a_flaky_retry_clears_only_its_own_usage_error
Crate	src/reporter/exit.rs::tests::test_exit_code_collect_error_takes_priority_over_failures
Crate	src/reporter/exit.rs::tests::test_exit_code_four_when_a_usage_error_was_recorded
Crate	src/reporter/exit.rs::tests::test_exit_code_interrupted_takes_priority_over_failures
Crate	src/reporter/exit.rs::tests::test_exit_code_one_when_errored
Crate	src/reporter/exit.rs::tests::test_exit_code_one_when_failed
Crate	src/reporter/exit.rs::tests::test_exit_code_one_when_failed_and_flaky
Crate	src/reporter/exit.rs::tests::test_exit_code_one_when_strict_suite_violations
Crate	src/reporter/exit.rs::tests::test_exit_code_one_when_timeout
Crate	src/reporter/exit.rs::tests::test_exit_code_one_when_xpassed_strict
Crate	src/reporter/exit.rs::tests::test_exit_code_three_when_collect_error
Crate	src/reporter/exit.rs::tests::test_exit_code_two_when_interrupted
Crate	src/reporter/exit.rs::tests::test_exit_code_zero_when_all_pass
Crate	src/reporter/exit.rs::tests::test_exit_code_zero_when_only_flaky
Crate	src/reporter/exit.rs::tests::test_no_usage_error_leaves_the_ladder_unchanged
Crate	src/reporter/exit.rs::tests::test_usage_error_takes_priority_over_collect_errors
Crate	src/reporter/exit.rs::tests::test_usage_error_takes_priority_over_failures
Crate	src/reporter/format/diagnostic.rs::tests::a_timeout_renders_a_non_empty_block_so_the_test_gets_named
Crate	src/reporter/format/diagnostic.rs::tests::snapshot_tests::error_with_frames
Crate	src/reporter/format/diagnostic.rs::tests::snapshot_tests::failed_assertion_with_diff
Crate	src/reporter/format/diagnostic.rs::tests::snapshot_tests::failed_with_left_right_op
Crate	src/reporter/format/diagnostic.rs::tests::snapshot_tests::tb_no_returns_empty
Crate	src/reporter/format/diagnostic.rs::tests::test_box_constants_are_nonempty
Crate	src/reporter/format/diagnostic.rs::tests::test_diagnostic_block_detail_no_trace_when_only_failure_frame
Crate	src/reporter/format/diagnostic.rs::tests::test_diagnostic_block_detail_shows_trace
Crate	src/reporter/format/diagnostic.rs::tests::test_diagnostic_closing_line_shows_message
Crate	src/reporter/format/diagnostic.rs::tests::test_diagnostic_does_not_repeat_fn_name
Crate	src/reporter/format/diagnostic.rs::tests::test_diagnostic_error_shows_exception
Crate	src/reporter/format/diagnostic.rs::tests::test_diagnostic_error_with_empty_file_omits_location_line
Crate	src/reporter/format/diagnostic.rs::tests::test_diagnostic_hint_appears_inside_box
Crate	src/reporter/format/diagnostic.rs::tests::test_diagnostic_line_style_returns_empty
Crate	src/reporter/format/diagnostic.rs::tests::test_diagnostic_multiline_closing_message_stays_inside_box
Crate	src/reporter/format/diagnostic.rs::tests::test_diagnostic_no_locals_without_show_locals
Crate	src/reporter/format/diagnostic.rs::tests::test_diagnostic_no_nudge_and_no_why_label
Crate	src/reporter/format/diagnostic.rs::tests::test_diagnostic_no_params_block_when_param_values_empty
Crate	src/reporter/format/diagnostic.rs::tests::test_diagnostic_no_style_is_empty
Crate	src/reporter/format/diagnostic.rs::tests::test_diagnostic_op_set_but_right_empty_suppresses_right_label
Crate	src/reporter/format/diagnostic.rs::tests::test_diagnostic_params_appear_between_path_and_source
Crate	src/reporter/format/diagnostic.rs::tests::test_diagnostic_short_no_message_no_nudge
Crate	src/reporter/format/diagnostic.rs::tests::test_diagnostic_short_with_message
Crate	src/reporter/format/diagnostic.rs::tests::test_diagnostic_show_locals_renders_failure_frame_locals
Crate	src/reporter/format/diagnostic.rs::tests::test_diagnostic_shows_closing_message_when_present
Crate	src/reporter/format/diagnostic.rs::tests::test_diagnostic_shows_inline_params
Crate	src/reporter/format/diagnostic.rs::tests::test_diagnostic_shows_left_right_for_compare
Crate	src/reporter/format/diagnostic.rs::tests::test_diagnostic_shows_value_for_bool_assert
Crate	src/reporter/format/diagnostic.rs::tests::test_sep_width_is_the_deterministic_test_width
Crate	src/reporter/format/diagnostic.rs::tests::test_sep_width_returns_positive_value
Crate	src/reporter/format/diff.rs::collection_tests::detects_dict
Crate	src/reporter/format/diff.rs::collection_tests::detects_frozenset
Crate	src/reporter/format/diff.rs::collection_tests::detects_list
Crate	src/reporter/format/diff.rs::collection_tests::detects_set
Crate	src/reporter/format/diff.rs::collection_tests::detects_tuple
Crate	src/reporter/format/diff.rs::collection_tests::dict_one_per_line
Crate	src/reporter/format/diff.rs::collection_tests::empty_list_unchanged
Crate	src/reporter/format/diff.rs::collection_tests::frozenset_formatted
Crate	src/reporter/format/diff.rs::collection_tests::list_one_per_line
Crate	src/reporter/format/diff.rs::collection_tests::nested_collection_not_expanded
Crate	src/reporter/format/diff.rs::collection_tests::rejects_empty_string
Crate	src/reporter/format/diff.rs::collection_tests::rejects_number
Crate	src/reporter/format/diff.rs::collection_tests::rejects_plain_string
Crate	src/reporter/format/diff.rs::collection_tests::rejects_truncated_list
Crate	src/reporter/format/diff.rs::collection_tests::single_element_list
Crate	src/reporter/format/diff.rs::collection_tests::string_with_comma_not_split
Crate	src/reporter/format/diff.rs::collection_tests::tuple_one_per_line
Crate	src/reporter/format/diff.rs::snapshot_tests::collection_diff_dict
Crate	src/reporter/format/diff.rs::snapshot_tests::collection_diff_list
Crate	src/reporter/format/diff.rs::snapshot_tests::collection_diff_nested
Crate	src/reporter/format/diff.rs::snapshot_tests::collection_diff_set
Crate	src/reporter/format/diff.rs::snapshot_tests::empty_values_returns_empty
Crate	src/reporter/format/diff.rs::snapshot_tests::field_diffs_empty_returns_empty
Crate	src/reporter/format/diff.rs::snapshot_tests::field_diffs_two_fields
Crate	src/reporter/format/diff.rs::snapshot_tests::identical_values_returns_empty
Crate	src/reporter/format/diff.rs::snapshot_tests::multi_line_diff
Crate	src/reporter/format/diff.rs::snapshot_tests::single_line_diff_eq
Crate	src/reporter/format/diff.rs::tests::char_diff_marks_first_difference
Crate	src/reporter/format/diff.rs::tests::char_diff_not_shown_for_non_eq_op
Crate	src/reporter/format/diff.rs::tests::empty_values_return_empty
Crate	src/reporter/format/diff.rs::tests::identical_values_return_empty
Crate	src/reporter/format/diff.rs::tests::multi_line_diff_uses_unified_format
Crate	src/reporter/format/diff.rs::tests::single_line_diff_shows_left_and_right
Crate	src/reporter/format/suggestions.rs::snapshot_tests::async_mismatch_suggestion
Crate	src/reporter/format/suggestions.rs::snapshot_tests::no_suggestion_for_normal_error
Crate	src/reporter/format/suggestions.rs::tests::no_suggestion_for_async_lifetime_mismatch
Crate	src/reporter/format/suggestions.rs::tests::no_suggestion_for_fixture_not_found
Crate	src/reporter/format/suggestions.rs::tests::no_suggestion_for_generic_failure
Crate	src/reporter/format/suggestions.rs::tests::no_suggestion_for_passed
Crate	src/reporter/format/suggestions.rs::tests::suggest_async_mismatch
Crate	src/reporter/format/suggestions.rs::tests::suggest_shared_mutation
Crate	src/reporter/format/summary.rs::tests::snapshot_tests::summary_all_failed
Crate	src/reporter/format/summary.rs::tests::snapshot_tests::summary_all_passed
Crate	src/reporter/format/summary.rs::tests::snapshot_tests::summary_mixed_outcomes
Crate	src/reporter/format/summary.rs::tests::snapshot_tests::summary_no_tests_ran
Crate	src/reporter/format/summary.rs::tests::snapshot_tests::summary_with_warnings_and_flaky
Crate	src/reporter/format/summary.rs::tests::snapshot_tests::summary_xfail_and_xpass
Crate	src/reporter/format/summary.rs::tests::test_diagnostics_block_collapsed_shows_counts
Crate	src/reporter/format/summary.rs::tests::test_diagnostics_block_collapsed_singular
Crate	src/reporter/format/summary.rs::tests::test_diagnostics_block_deduplicates_identical_entries
Crate	src/reporter/format/summary.rs::tests::test_diagnostics_block_empty_returns_empty
Crate	src/reporter/format/summary.rs::tests::test_diagnostics_block_expanded_shows_context_and_message
Crate	src/reporter/format/summary.rs::tests::test_diagnostics_block_sorts_by_severity
Crate	src/reporter/format/summary.rs::tests::test_plural_many
Crate	src/reporter/format/summary.rs::tests::test_plural_singular
Crate	src/reporter/format/summary.rs::tests::test_plural_zero
Crate	src/reporter/format/summary.rs::tests::test_summary_all_passed
Crate	src/reporter/format/summary.rs::tests::test_summary_error_plural
Crate	src/reporter/format/summary.rs::tests::test_summary_error_singular
Crate	src/reporter/format/summary.rs::tests::test_summary_flaky_absent_when_zero
Crate	src/reporter/format/summary.rs::tests::test_summary_flaky_appears_when_nonzero
Crate	src/reporter/format/summary.rs::tests::test_summary_mixed_joined_with_middot
Crate	src/reporter/format/summary.rs::tests::test_summary_no_tests_ran
Crate	src/reporter/format/summary.rs::tests::test_summary_timeout_absent_when_zero
Crate	src/reporter/format/summary.rs::tests::test_summary_timeout_appears_when_nonzero
Crate	src/reporter/format/summary.rs::tests::test_summary_warning_plural
Crate	src/reporter/format/summary.rs::tests::test_summary_warning_singular
Crate	src/reporter/format/summary.rs::tests::test_summary_xfailed
Crate	src/reporter/format/summary.rs::tests::test_summary_xpassed
Crate	src/reporter/format/summary.rs::tests::test_summary_xpassed_lenient_is_yellow
Crate	src/reporter/format/summary.rs::tests::test_tip_block_collapsed_shows_count_and_hint
Crate	src/reporter/format/summary.rs::tests::test_tip_block_empty_returns_empty
Crate	src/reporter/format/summary.rs::tests::test_tip_block_expanded_shows_locations
Crate	src/reporter/json.rs::snapshot_tests::json_all_passed
Crate	src/reporter/json.rs::snapshot_tests::json_mixed_outcomes
Crate	src/reporter/json.rs::tests::test_collect_errors_are_serialized_as_failed_entries
Crate	src/reporter/json.rs::tests::test_finish_returns_abstain_on_successful_write
Crate	src/reporter/json.rs::tests::test_finish_returns_code_4_on_write_failure
Crate	src/reporter/json.rs::tests::test_json_includes_message_for_error_outcome
Crate	src/reporter/json.rs::tests::test_json_includes_message_for_failed_outcome
Crate	src/reporter/json.rs::tests::test_json_includes_message_for_timeout_outcome
Crate	src/reporter/json.rs::tests::test_json_omits_message_for_failed_with_empty_message
Crate	src/reporter/json.rs::tests::test_json_omits_message_for_passed_outcome
Crate	src/reporter/json.rs::tests::test_pathless_collect_error_uses_placeholder_name
Crate	src/reporter/json.rs::tests::test_run_failures_and_tests_are_summed_together
Crate	src/reporter/junit.rs::snapshot_tests::junit_all_passed
Crate	src/reporter/junit.rs::snapshot_tests::junit_mixed_outcomes
Crate	src/reporter/junit.rs::tests::test_affected_collect_error_has_empty_classname
Crate	src/reporter/junit.rs::tests::test_classname_converts_path_separators
Crate	src/reporter/junit.rs::tests::test_collect_error_becomes_counted_error_testcase
Crate	src/reporter/junit.rs::tests::test_control_characters_do_not_break_well_formedness
Crate	src/reporter/junit.rs::tests::test_crlf_message_does_not_leave_a_stray_cr_in_the_attribute
Crate	src/reporter/junit.rs::tests::test_error_produces_error_element
Crate	src/reporter/junit.rs::tests::test_errors_and_failures_are_counted_separately_in_one_abort
Crate	src/reporter/junit.rs::tests::test_failed_produces_failure_element
Crate	src/reporter/junit.rs::tests::test_hostile_identity_cannot_break_out_of_its_attribute
Crate	src/reporter/junit.rs::tests::test_lone_cr_message_keeps_its_tail_in_the_body
Crate	src/reporter/junit.rs::tests::test_multiline_message_survives_in_element_body
Crate	src/reporter/junit.rs::tests::test_passed_produces_empty_testcase
Crate	src/reporter/junit.rs::tests::test_pathless_collect_error_has_empty_classname
Crate	src/reporter/junit.rs::tests::test_run_failures_and_real_results_are_summed_together
Crate	src/reporter/junit.rs::tests::test_skipped_produces_skipped_element
Crate	src/reporter/junit.rs::tests::test_strict_violation_reuses_its_test_identity
Crate	src/reporter/junit.rs::tests::test_strict_xpass_produces_failure
Crate	src/reporter/junit.rs::tests::test_time_in_seconds
Crate	src/reporter/junit.rs::tests::test_timeout_produces_error_element
Crate	src/reporter/junit.rs::tests::test_trailing_newline_message_still_gets_a_body
Crate	src/reporter/junit.rs::tests::test_write_failure_returns_code_4
Crate	src/reporter/junit.rs::tests::test_xfailed_produces_skipped_element
Crate	src/reporter/junit.rs::tests::test_xml_has_declaration_and_root
Crate	src/reporter/mod.rs::json_tests::test_json_reporter_output_sorted_by_node_id
Crate	src/reporter/mod.rs::json_tests::test_json_reporter_records_failed_test
Crate	src/reporter/mod.rs::json_tests::test_json_reporter_writes_ctrf_on_finish
Crate	src/reporter/mod.rs::tests::test_composite_reporter_dispatches_teardown_warning_to_all
Crate	src/reporter/mod.rs::tests::test_composite_reporter_dispatches_test_started_to_all_reporters
Crate	src/reporter/mod.rs::tests::test_composite_reporter_finish_all_abstain_returns_zero
Crate	src/reporter/mod.rs::tests::test_composite_reporter_finish_ignores_abstentions
Crate	src/reporter/mod.rs::tests::test_composite_reporter_finish_returns_max_exit_code
Crate	src/reporter/mod.rs::tests::test_composite_reporter_finish_with_no_reporters_returns_zero
Crate	src/reporter/mod.rs::tests::test_make_reporter_returns_single_reporter_when_ci_and_no_extras
Crate	src/reporter/mod.rs::tests::test_make_reporter_returns_single_reporter_when_tty_and_no_extras
Crate	src/reporter/mod.rs::tests::test_make_reporter_wraps_in_composite_when_json_path_given
Crate	src/reporter/mod.rs::tests::test_make_reporter_wraps_in_composite_when_plugin_reporters_given
Crate	src/reporter/mod.rs::tests::test_print_collect_errors_is_noop_when_empty
Crate	src/reporter/mod.rs::tests::test_print_collect_errors_prints_when_non_empty
Crate	src/reporter/mod.rs::tests::test_print_strict_abort_does_not_panic_with_violations
Crate	src/reporter/mod.rs::tests::test_remove_if_flaky_noop_for_non_flaky_outcome
Crate	src/reporter/mod.rs::tests::test_remove_if_flaky_removes_matching_entry
Crate	src/reporter/mod.rs::tests::test_remove_if_flaky_works_with_tuple_vec
Crate	src/reporter/mod.rs::tests::test_slowest_block_included_when_show_durations_set
Crate	src/reporter/mod.rs::tests::test_standard_finish_returns_zero_on_clean_run
Crate	src/reporter/options.rs::tests::test_builder_async_count_defaults_to_zero
Crate	src/reporter/options.rs::tests::test_builder_async_count_override
Crate	src/reporter/options.rs::tests::test_builder_clone_allows_two_builds_from_same_base
Crate	src/reporter/options.rs::tests::test_builder_fn_count_defaults_to_zero
Crate	src/reporter/options.rs::tests::test_builder_fn_count_override
Crate	src/reporter/options.rs::tests::test_builder_name_width_clamped_to_range
Crate	src/reporter/options.rs::tests::test_builder_name_width_default_is_45
Crate	src/reporter/options.rs::tests::test_builder_new_defaults
Crate	src/reporter/options.rs::tests::test_builder_tb_override
Crate	src/reporter/options.rs::tests::test_builder_total_override
Crate	src/reporter/options.rs::tests::test_builder_verbose_propagates_to_tips_and_warnings
Crate	src/reporter/options.rs::tests::test_from_config_durations
Crate	src/reporter/options.rs::tests::test_from_config_durations_none
Crate	src/reporter/options.rs::tests::test_from_config_total_default_is_zero
Crate	src/reporter/options.rs::tests::test_from_config_use_color_passed_through
Crate	src/reporter/options.rs::tests::test_from_config_verbose_implies_show_tips_and_warnings
Crate	src/reporter/options.rs::tests::test_print_collected_no_async
Crate	src/reporter/options.rs::tests::test_print_collected_with_async
Crate	src/reporter/options.rs::tests::test_print_collected_with_parametrize
Crate	src/reporter/options.rs::tests::test_print_collected_with_parametrize_and_async
Crate	src/reporter/options.rs::tests::test_show_tips_setter
Crate	src/reporter/options.rs::tests::test_show_warnings_setter
Crate	src/reporter/outcome_fmt.rs::tests::color_category_all_variants
Crate	src/reporter/outcome_fmt.rs::tests::dot_char_all_variants
Crate	src/reporter/outcome_fmt.rs::tests::junit_category_all_variants
Crate	src/reporter/outcome_fmt.rs::tests::label_all_variants
Crate	src/reporter/session.rs::tests::record_diagnostics_extends_entries
Crate	src/reporter/session.rs::tests::record_outcome_updates_stats_and_timing
Crate	src/reporter/session.rs::tests::record_strict_suite_delegates_to_stats
Crate	src/reporter/session.rs::tests::record_teardown_warning_appends_to_stats
Crate	src/reporter/session.rs::tests::set_fixture_cache_stats_stores_values
Crate	src/reporter/session.rs::tests::set_fixture_timings_stores_values
Crate	src/reporter/stats.rs::tests::fixture_cache_summary_reports_hits_over_total
Crate	src/reporter/stats.rs::tests::fixture_cache_summary_zero_total_does_not_panic
Crate	src/reporter/stats.rs::tests::record_flaky_decrements_correct_counter_for_error
Crate	src/reporter/stats.rs::tests::record_flaky_decrements_correct_counter_for_timeout
Crate	src/reporter/stats.rs::tests::test_record_flaky_increments_counter
Crate	src/reporter/stats.rs::tests::test_record_strict_suite_accumulates_on_repeated_calls
Crate	src/reporter/stats.rs::tests::test_record_strict_suite_increments_counter
Crate	src/reporter/stats.rs::tests::test_record_timeout_increments_counter
Crate	src/reporter/stats.rs::tests::test_record_timing_accumulates_entries
Crate	src/reporter/stats.rs::tests::test_slowest_fixtures_n_greater_than_count_returns_all
Crate	src/reporter/stats.rs::tests::test_slowest_fixtures_returns_sorted_descending
Crate	src/reporter/stats.rs::tests::test_slowest_fixtures_zero_returns_empty
Crate	src/reporter/stats.rs::tests::test_slowest_n_greater_than_count_returns_all
Crate	src/reporter/stats.rs::tests::test_slowest_returns_sorted_descending
Crate	src/reporter/stats.rs::tests::test_slowest_zero_returns_empty
Crate	src/reporter/tracing_writer.rs::tests::test_make_writer_produces_independent_writers
Crate	src/reporter/tracing_writer.rs::tests::test_register_and_deregister_lifecycle
Crate	src/reporter/tracing_writer.rs::tests::test_writer_buffers_and_flushes_without_panic
Crate	src/reporter/tracing_writer.rs::tests::test_writer_drop_flushes_remaining_buffer
Crate	src/reporter/tracing_writer.rs::tests::test_writer_empty_buffer_flush_is_noop
Crate	src/reporter/tracing_writer.rs::tests::test_writer_routes_through_progress_bar_when_registered
Crate	src/reporter/tty.rs::tests::both_progress_styles_render_the_counter
Crate	src/reporter/tty.rs::tests::test_deferred_failure_shows_parallel_context
Crate	src/reporter/tty.rs::tests::test_flush_param_group_all_passed_duration_before_cases
Crate	src/reporter/tty.rs::tests::test_flush_param_group_singular_case
Crate	src/reporter/tty.rs::tests::test_fmt_quiet_line_produces_expected_format
Crate	src/reporter/tty.rs::tests::test_format_test_line_failed_contains_fail_label
Crate	src/reporter/tty.rs::tests::test_format_test_line_passed_bare_assert_uses_middot
Crate	src/reporter/tty.rs::tests::test_format_test_line_passed_contains_fn_name_and_duration
Crate	src/reporter/tty.rs::tests::test_format_test_line_passed_no_double_ms_suffix
Crate	src/reporter/tty.rs::tests::test_format_test_line_skipped_contains_skip_label_and_reason
Crate	src/reporter/tty.rs::tests::test_format_test_line_timeout_contains_time_label
Crate	src/reporter/tty.rs::tests::test_format_test_line_warned_contains_warn_label_and_reason
Crate	src/reporter/tty.rs::tests::test_format_test_line_xfailed_contains_xfail_label_and_reason
Crate	src/reporter/tty.rs::tests::test_non_verbose_defers_failures
Crate	src/reporter/tty.rs::tests::test_non_verbose_does_not_defer_passes
Crate	src/reporter/tty.rs::tests::test_outcome_label_error_contains_error
Crate	src/reporter/tty.rs::tests::test_outcome_label_failed_contains_fail
Crate	src/reporter/tty.rs::tests::test_outcome_label_passed_is_empty
Crate	src/reporter/tty.rs::tests::test_outcome_label_skipped_contains_skip
Crate	src/reporter/tty.rs::tests::test_outcome_label_timeout_contains_time
Crate	src/reporter/tty.rs::tests::test_outcome_label_xpassed_lenient_contains_xpass
Crate	src/reporter/tty.rs::tests::test_outcome_label_xpassed_lenient_uses_warn_color
Crate	src/reporter/tty.rs::tests::test_outcome_label_xpassed_strict_and_lenient_differ_in_color
Crate	src/reporter/tty.rs::tests::test_outcome_label_xpassed_strict_contains_xpass
Crate	src/reporter/tty.rs::tests::test_outcome_label_xpassed_strict_uses_fail_color
Crate	src/reporter/tty.rs::tests::test_parametrize_buffer_any_failed_false_when_all_pass_or_skip
Crate	src/reporter/tty.rs::tests::test_parametrize_buffer_any_failed_true_when_failure_present
Crate	src/reporter/tty.rs::tests::test_parametrize_buffer_passed_count_counts_only_passed_outcomes
Crate	src/reporter/tty.rs::tests::test_parametrize_buffer_total_ms_sums_all_durations
Crate	src/reporter/tty.rs::tests::test_running_tests_empty_after_all_complete
Crate	src/reporter/tty.rs::tests::test_running_tests_tracks_in_flight
Crate	src/reporter/tty.rs::tests::test_truncate_name_exact_length_unchanged
Crate	src/reporter/tty.rs::tests::test_truncate_name_non_ascii_does_not_panic
Crate	src/reporter/tty.rs::tests::test_truncate_name_over_limit_gets_ellipsis
Crate	src/reporter/tty.rs::tests::test_truncate_name_short_unchanged
Crate	src/reporter/tty.rs::tests::test_verbose_does_not_defer
Crate	src/retry.rs::tests::identify_failed_items_empty_when_all_pass
Crate	src/retry.rs::tests::identify_failed_items_returns_only_failures
Crate	src/retry.rs::tests::merge_flaky_timings_no_flaky_returns_original
Crate	src/retry.rs::tests::merge_flaky_timings_replaces_failed_entries
Crate	src/retry.rs::tests::test_retry_result_default_empty
Crate	src/scheduler.rs::tests::task_group_item_count_sums_every_module
Crate	src/scheduler.rs::tests::task_group_items_yields_every_module_in_order
Crate	src/scheduler.rs::tests::test_apply_strategy_failed_first_moves_failed_groups_to_front
Crate	src/scheduler.rs::tests::test_apply_strategy_longest_first_uses_cache_sort
Crate	src/scheduler.rs::tests::test_apply_strategy_random_preserves_all_groups
Crate	src/scheduler.rs::tests::test_parking_lot_mutex_no_poison_on_lock
Crate	src/scheduler.rs::tests::test_scheduler_empty_returns_none
Crate	src/scheduler.rs::tests::test_scheduler_pop_drains_queue
Crate	src/scheduler.rs::tests::test_scheduler_preserves_insertion_order
Crate	src/scheduler.rs::tests::test_scheduler_single_group
Crate	src/strict.rs::tests::test_check_collected_bare_assert
Crate	src/strict.rs::tests::test_check_collected_bare_assert_empty_detail
Crate	src/strict.rs::tests::test_check_collected_dict_parametrize
Crate	src/strict.rs::tests::test_check_collected_invalid_module_mark
Crate	src/strict.rs::tests::test_check_collected_missing_mark_reason
Crate	src/strict.rs::tests::test_check_collected_missing_return_annotation
Crate	src/strict.rs::tests::test_check_collected_single_case_parametrize
Crate	src/strict.rs::tests::test_check_collected_unknown_kind_ignored
Crate	src/strict.rs::tests::test_check_collected_unused_fixture
Crate	src/strict.rs::tests::test_check_config_no_violations_when_all_markers_have_description
Crate	src/strict.rs::tests::test_check_config_reports_marker_without_description
Crate	src/strict.rs::tests::test_format_violation_line_bare_assert
Crate	src/strict.rs::tests::test_format_violation_line_bare_assert_empty_lines_no_trailing_space
Crate	src/strict.rs::tests::test_format_violation_line_marker_no_description
Crate	src/strict.rs::tests::test_format_violation_line_missing_return_annotation
Crate	src/strict.rs::tests::test_format_violation_line_unused_fixture
Crate	src/strict.rs::tests::test_node_id_returns_none_for_suite_level
Crate	src/strict.rs::tests::test_per_test_error_bare_assert_empty_lines_no_trailing_space
Crate	src/strict.rs::tests::test_per_test_error_missing_return_annotation
Crate	src/strict.rs::tests::test_per_test_error_returns_error_outcome
Crate	src/strict.rs::tests::test_per_test_error_single_case_parametrize
Crate	src/strict.rs::tests::test_per_test_error_unused_fixture
Crate	src/strict.rs::tests::test_suite_level_returns_only_marker_no_description
Crate	src/target.rs::tests::missing_paths_preserves_argument_order
Crate	src/target.rs::tests::missing_paths_reports_only_absent_targets
Crate	src/target.rs::tests::render_missing_paths_names_every_bad_target
Crate	src/test_returns.rs::tests::a_generator_test_is_not_this_check
Crate	src/test_returns.rs::tests::a_nested_function_is_pruned
Crate	src/test_returns.rs::tests::a_non_test_function_is_ignored
Crate	src/test_returns.rs::tests::a_return_inside_a_branch_is_reported
Crate	src/test_returns.rs::tests::a_syntax_error_returns_empty
Crate	src/test_returns.rs::tests::a_test_method_in_a_test_class_is_reported
Crate	src/test_returns.rs::tests::an_async_test_is_reported
Crate	src/test_returns.rs::tests::bare_return_is_not_a_violation
Crate	src/test_returns.rs::tests::explicit_return_none_is_not_a_violation
Crate	src/test_returns.rs::tests::returning_a_comparison_is_a_violation
Crate	src/types/exit.rs::exit_code_tests::test_documented_exit_code_numbers
Crate	src/types/exit.rs::exit_code_tests::test_usage_error_outranks_collect_error
Crate	src/types/exit.rs::failure_accumulator_tests::test_maxfail_stops_at_threshold
Crate	src/types/exit.rs::failure_accumulator_tests::test_no_maxfail_never_stops
Crate	src/types/exit.rs::timing_tests::test_timing_fields
Crate	src/types/exit.rs::timing_tests::test_timing_outcome_is_enum
Crate	src/types/item.rs::item_tests::builder_arc_returns_arc_wrapped_item
Crate	src/types/item.rs::item_tests::builder_defaults
Crate	src/types/item.rs::item_tests::builder_defaults_lineno_to_one
Crate	src/types/item.rs::item_tests::builder_raw_defaults_lineno_to_one
Crate	src/types/item.rs::item_tests::builder_raw_node_id
Crate	src/types/item.rs::item_tests::builder_with_overrides
Crate	src/types/item.rs::item_tests::builder_with_param_id
Crate	src/types/item.rs::item_tests::test_item_has_is_async_field
Crate	src/types/item.rs::item_tests::test_item_has_param_fields
Crate	src/types/item.rs::item_tests::test_item_non_parametrize_has_none_param_id
Crate	src/types/item.rs::marker_set_tests::duplicate_builtins_are_deduplicated
Crate	src/types/item.rs::marker_set_tests::empty_set_has_nothing
Crate	src/types/item.rs::marker_set_tests::from_vec_partitions_builtins_and_custom
Crate	src/types/item.rs::marker_set_tests::has_returns_false_for_absent_markers
Crate	src/types/item.rs::marker_set_tests::iter_yields_builtins_before_custom
Crate	src/types/item.rs::marker_set_tests::serde_format_is_string_array
Crate	src/types/item.rs::marker_set_tests::serde_roundtrip_preserves_all_markers
Crate	src/types/item.rs::wire_format_tests::field_diff_serde_format_is_three_element_array
Crate	src/types/item.rs::wire_format_tests::field_diff_serde_roundtrip
Crate	src/types/item.rs::wire_format_tests::local_var_serde_format_is_two_element_array
Crate	src/types/item.rs::wire_format_tests::local_var_serde_roundtrip
Crate	src/types/item.rs::wire_format_tests::param_pair_serde_format_is_two_element_array
Crate	src/types/item.rs::wire_format_tests::param_pair_serde_roundtrip
Crate	src/types/node_id.rs::duration_ms_tests::test_add
Crate	src/types/node_id.rs::duration_ms_tests::test_add_assign
Crate	src/types/node_id.rs::duration_ms_tests::test_display
Crate	src/types/node_id.rs::duration_ms_tests::test_ord
Crate	src/types/node_id.rs::duration_ms_tests::test_sub
Crate	src/types/node_id.rs::duration_ms_tests::test_zero
Crate	src/types/node_id.rs::node_id_tests::split_node_id_once_bare_path_returns_none
Crate	src/types/node_id.rs::node_id_tests::split_node_id_once_multi_segment_returns_rest_unsplit
Crate	src/types/node_id.rs::node_id_tests::split_node_id_once_single_segment_returns_file_and_rest
Crate	src/types/node_id.rs::node_id_tests::split_node_id_once_trailing_separator_returns_empty_rest
Crate	src/types/node_id.rs::node_id_tests::split_node_id_str_bare_path_returns_empty_chain
Crate	src/types/node_id.rs::node_id_tests::split_node_id_str_preserves_empty_trailing_segment
Crate	src/types/node_id.rs::node_id_tests::split_node_id_str_single_segment_returns_one_chain
Crate	src/types/node_id.rs::node_id_tests::split_node_id_str_two_segments_returns_two_chain
Crate	src/types/node_id.rs::node_id_tests::test_node_id_clone_equals_original
Crate	src/types/node_id.rs::node_id_tests::test_node_id_deref_contains
Crate	src/types/node_id.rs::node_id_tests::test_node_id_from_raw_preserves_string
Crate	src/types/node_id.rs::node_id_tests::test_node_id_module_path_class_method
Crate	src/types/node_id.rs::node_id_tests::test_node_id_module_path_no_separator
Crate	src/types/node_id.rs::node_id_tests::test_node_id_module_path_parametrized
Crate	src/types/node_id.rs::node_id_tests::test_node_id_module_path_standalone
Crate	src/types/node_id.rs::node_id_tests::test_node_id_new_with_param
Crate	src/types/node_id.rs::node_id_tests::test_node_id_new_without_param
Crate	src/types/outcome.rs::outcome_tests::as_str_all_variants
Crate	src/types/outcome.rs::outcome_tests::error_returns_some_with_empty_comparison_fields
Crate	src/types/outcome.rs::outcome_tests::failed_returns_some_with_all_fields
Crate	src/types/outcome.rs::outcome_tests::is_hard_failure_all_variants
Crate	src/types/outcome.rs::outcome_tests::message_empty_string_returns_none
Crate	src/types/outcome.rs::outcome_tests::message_populated_variants
Crate	src/types/outcome.rs::outcome_tests::non_diagnostic_variants_return_none
Crate	src/types/outcome.rs::outcome_tests::outcome_error_builder_defaults
Crate	src/types/outcome.rs::outcome_tests::outcome_error_builder_with_overrides
Crate	src/types/outcome.rs::outcome_tests::outcome_failed_builder_defaults
Crate	src/types/outcome.rs::outcome_tests::outcome_failed_builder_with_comparison
Crate	src/types/outcome.rs::outcome_tests::sentinel_with_usage_carries_the_vote
Crate	src/types/outcome.rs::outcome_tests::test_collect_error_import_display_shows_path_and_traceback
Crate	src/types/outcome.rs::outcome_tests::test_collect_error_pyerror_display_shows_message_directly
Crate	src/types/outcome.rs::outcome_tests::test_flaky_outcome_kind
Crate	src/types/outcome.rs::outcome_tests::test_flaky_outcome_kind_is_not_retryable_failure
Crate	src/types/outcome.rs::outcome_tests::test_outcome_failed_carries_location
Crate	src/types/outcome.rs::outcome_tests::test_outcome_passed_carries_tips
Crate	src/types/outcome.rs::outcome_tests::test_outcome_timeout_stores_message
Crate	src/types/outcome.rs::outcome_tests::test_outcome_warned_carries_reason
Crate	src/types/outcome.rs::outcome_tests::test_outcome_xfailed_stores_reason
Crate	src/types/outcome.rs::outcome_tests::test_outcome_xpassed_stores_strict
Crate	src/types/outcome.rs::outcome_tests::worker_status_strings_match_test_outcome_as_str
Crate	src/worker_result/tests.rs::compact_and_error_tests::compact_passed_only_required_fields
Crate	src/worker_result/tests.rs::compact_and_error_tests::missing_duration_ms_is_error
Crate	src/worker_result/tests.rs::compact_and_error_tests::missing_node_id_is_error
Crate	src/worker_result/tests.rs::compact_and_error_tests::missing_outcome_is_error
Crate	src/worker_result/tests.rs::compact_and_error_tests::no_message_lines_deserializes_as_vec
Crate	src/worker_result/tests.rs::compact_and_error_tests::outcome_conversion_tests::error_to_outcome_carries_frames
Crate	src/worker_result/tests.rs::compact_and_error_tests::outcome_conversion_tests::failed_to_outcome_uses_message
Crate	src/worker_result/tests.rs::compact_and_error_tests::outcome_conversion_tests::passed_to_outcome
Crate	src/worker_result/tests.rs::compact_and_error_tests::outcome_conversion_tests::skipped_to_outcome_uses_message
Crate	src/worker_result/tests.rs::compact_and_error_tests::outcome_conversion_tests::timeout_to_outcome_uses_message
Crate	src/worker_result/tests.rs::compact_and_error_tests::outcome_conversion_tests::warned_to_outcome_uses_message
Crate	src/worker_result/tests.rs::compact_and_error_tests::outcome_conversion_tests::xfailed_to_outcome_uses_message
Crate	src/worker_result/tests.rs::compact_and_error_tests::outcome_conversion_tests::xpassed_strict_to_outcome
Crate	src/worker_result/tests.rs::compact_and_error_tests::raw_outcome_tests::error_carries_diagnostic_without_comparison
Crate	src/worker_result/tests.rs::compact_and_error_tests::raw_outcome_tests::error_empty_frames
Crate	src/worker_result/tests.rs::compact_and_error_tests::raw_outcome_tests::error_with_frames
Crate	src/worker_result/tests.rs::compact_and_error_tests::raw_outcome_tests::failed_carries_diagnostic_and_comparison
Crate	src/worker_result/tests.rs::compact_and_error_tests::raw_outcome_tests::failed_empty_comparison_fields
Crate	src/worker_result/tests.rs::compact_and_error_tests::raw_outcome_tests::failed_empty_frames
Crate	src/worker_result/tests.rs::compact_and_error_tests::raw_outcome_tests::failed_with_frames
Crate	src/worker_result/tests.rs::compact_and_error_tests::raw_outcome_tests::passed_empty_no_message_lines_gives_none_tips
Crate	src/worker_result/tests.rs::compact_and_error_tests::raw_outcome_tests::passed_with_tips
Crate	src/worker_result/tests.rs::compact_and_error_tests::raw_outcome_tests::skipped_carries_reason
Crate	src/worker_result/tests.rs::compact_and_error_tests::raw_outcome_tests::timeout_carries_message
Crate	src/worker_result/tests.rs::compact_and_error_tests::raw_outcome_tests::warned_empty_no_message_lines_gives_none_tips
Crate	src/worker_result/tests.rs::compact_and_error_tests::raw_outcome_tests::warned_with_tips
Crate	src/worker_result/tests.rs::compact_and_error_tests::raw_outcome_tests::xfailed_carries_reason
Crate	src/worker_result/tests.rs::compact_and_error_tests::raw_outcome_tests::xpassed_lenient
Crate	src/worker_result/tests.rs::compact_and_error_tests::raw_outcome_tests::xpassed_strict
Crate	src/worker_result/tests.rs::compact_and_error_tests::regression_955_tests::skipped_reason_from_message_field
Crate	src/worker_result/tests.rs::compact_and_error_tests::regression_955_tests::timeout_reason_from_message_field
Crate	src/worker_result/tests.rs::compact_and_error_tests::regression_955_tests::xfailed_reason_from_message_field
Crate	src/worker_result/tests.rs::compact_and_error_tests::sentinel_tests::crashed_sentinel_contains_crash_message
Crate	src/worker_result/tests.rs::compact_and_error_tests::sentinel_tests::error_sentinel_builds_error_variant
Crate	src/worker_result/tests.rs::compact_and_error_tests::sentinel_tests::timed_out_sentinel_contains_duration_message
Crate	src/worker_result/tests.rs::compact_and_error_tests::truncated_json_is_error
Crate	src/worker_result/tests.rs::compact_and_error_tests::wire_conversion_tests::wire_error_carries_frames
Crate	src/worker_result/tests.rs::compact_and_error_tests::wire_conversion_tests::wire_failed_converts_to_worker_outcome
Crate	src/worker_result/tests.rs::compact_and_error_tests::wire_conversion_tests::wire_passed_converts_with_tips
Crate	src/worker_result/tests.rs::compact_and_error_tests::wire_conversion_tests::wire_skipped_uses_message
Crate	src/worker_result/tests.rs::compact_and_error_tests::wire_conversion_tests::wire_timeout_uses_message
Crate	src/worker_result/tests.rs::compact_and_error_tests::wire_conversion_tests::wire_unknown_outcome_is_deser_error
Crate	src/worker_result/tests.rs::compact_and_error_tests::wire_conversion_tests::wire_warned_uses_message
Crate	src/worker_result/tests.rs::compact_and_error_tests::wire_conversion_tests::wire_xfailed_uses_message
Crate	src/worker_result/tests.rs::compact_and_error_tests::wire_conversion_tests::wire_xpassed_strict
Crate	src/worker_result/tests.rs::frame_tests::frames_deserialized_from_json
Crate	src/worker_result/tests.rs::frame_tests::frames_threaded_to_outcome
Crate	src/worker_result/tests.rs::frame_tests::missing_frames_defaults_to_empty
Crate	src/worker_result/tests.rs::lineno_cast_tests::lineno_none_maps_to_zero
Crate	src/worker_result/tests.rs::lineno_cast_tests::lineno_small_value_passes_through
Crate	src/worker_result/tests.rs::lineno_cast_tests::lineno_u32_max_does_not_panic
Crate	src/worker_result/tests.rs::lineno_cast_tests::lineno_u64_max_does_not_panic
Crate	src/worker_result/tests.rs::usage_error_wire_tests::absent_usage_error_key_defaults_to_false
Crate	src/worker_result/tests.rs::usage_error_wire_tests::the_flag_survives_conversion_to_a_test_outcome
Crate	src/worker_result/tests.rs::usage_error_wire_tests::usage_error_key_is_read_when_present
Crate	src/worker_result/tests.rs::wire_round_trip_tests::error_full
Crate	src/worker_result/tests.rs::wire_round_trip_tests::failed_full
Crate	src/worker_result/tests.rs::wire_round_trip_tests::passed_minimal
Crate	src/worker_result/tests.rs::wire_round_trip_tests::skipped
Crate	src/worker_result/tests.rs::wire_round_trip_tests::timeout
Crate	src/worker_result/tests.rs::wire_round_trip_tests::unknown_outcome_is_deser_error
Crate	src/worker_result/tests.rs::wire_round_trip_tests::warned
Crate	src/worker_result/tests.rs::wire_round_trip_tests::xfailed
Crate	src/worker_result/tests.rs::wire_round_trip_tests::xpassed_lenient
Crate	src/worker_result/tests.rs::wire_round_trip_tests::xpassed_strict
Crate	src/worker_session.rs::decode_tests::invalid_utf8_is_replaced_rather_than_dropped
Crate	src/worker_session.rs::decode_tests::valid_utf8_passes_through_unchanged
Crate	src/worker_session.rs::line_length_tests::a_final_line_without_a_newline_is_forwarded
Crate	src/worker_session.rs::line_length_tests::an_over_long_line_forwards_exactly_one_message
Crate	src/worker_session.rs::line_length_tests::an_over_long_line_forwards_the_capped_prefix
Crate	src/worker_session.rs::line_length_tests::max_line_length_is_ten_mebibytes
Crate	src/worker_session.rs::line_length_tests::ordinary_lines_are_unaffected
Crate	src/worker_session.rs::line_length_tests::the_read_stops_at_the_cap_rather_than_at_the_newline
Crate	src/worker_session.rs::pipe_tests::take_child_pipes_returns_none_when_stdin_already_taken
Crate	src/worker_session.rs::pipe_tests::take_child_pipes_returns_some_for_piped_child
Crate	src/worker_session.rs::worker_session_tests::build_task_maps_every_module_in_the_group
Crate	src/worker_session.rs::worker_session_tests::build_task_stamps_the_current_protocol_version
Crate	src/worker_session.rs::worker_session_tests::close_stdin_really_closes_it
Crate	src/worker_session.rs::worker_session_tests::send_task_echoes_back_through_line_rx
Crate	src/worker_session.rs::worker_session_tests::send_task_includes_param_id_when_present
Crate	src/worker_session.rs::worker_session_tests::send_task_returns_error_on_dead_process
Crate	src/worker_session.rs::worker_session_tests::send_task_writes_valid_json_line
Crate	src/worker_session.rs::worker_session_tests::the_tail_read_survives_closing_stdin
Library	benchmarks/test_compare.py::test_baseline_verdict_reports_a_measured_pass	tooling
Library	benchmarks/test_compare.py::test_baseline_verdict_reports_a_measured_regression	tooling
Library	benchmarks/test_compare.py::test_baseline_verdict_zero_comparisons_is_not_a_pass	tooling
Library	benchmarks/test_compare.py::test_check_regression_at_threshold_is_not_regression	tooling
Library	benchmarks/test_compare.py::test_check_regression_exceeds_threshold	tooling
Library	benchmarks/test_compare.py::test_check_regression_improvement	tooling
Library	benchmarks/test_compare.py::test_compare_refuses_a_baseline_regression	tooling
Library	benchmarks/test_compare.py::test_compare_refuses_a_lazy_regression	tooling
Library	benchmarks/test_compare.py::test_dogfood_summary_empty	tooling
Library	benchmarks/test_compare.py::test_dogfood_summary_serial_and_parallel	tooling
Library	benchmarks/test_compare.py::test_dogfood_summary_serial_only	tooling
Library	benchmarks/test_compare.py::test_final_sentence_measured_and_found_nothing	tooling
Library	benchmarks/test_compare.py::test_final_sentence_reports_a_regression	tooling
Library	benchmarks/test_compare.py::test_final_sentence_separates_not_measured_from_no_regression	tooling
Library	benchmarks/test_compare.py::test_find_commands_filters_by_tier	tooling
Library	benchmarks/test_compare.py::test_lazy_ratio_threshold_value	tooling
Library	benchmarks/test_compare.py::test_lazy_summary_empty_results	tooling
Library	benchmarks/test_compare.py::test_lazy_summary_over_threshold	tooling
Library	benchmarks/test_compare.py::test_lazy_summary_under_threshold	tooling
Library	benchmarks/test_compare.py::test_lazy_summary_zero_l_parallel	tooling
Library	benchmarks/test_compare.py::test_net_overhead_clamps_to_zero	tooling
Library	benchmarks/test_compare.py::test_net_overhead_subtracts_startup	tooling
Library	benchmarks/test_compare.py::test_realistic_summary_empty	tooling
Library	benchmarks/test_compare.py::test_realistic_summary_full	tooling
Library	benchmarks/test_compare.py::test_speedup_ratio	tooling
Library	benchmarks/test_compare.py::test_tier_summary_serial_only	tooling
Library	benchmarks/test_compare.py::test_tier_summary_serial_parallel	tooling
Library	python/oxitest/__init__.py::<module>	documentation
Library	python/oxitest/_bridge/_approx.py::approx	documentation
Library	python/oxitest/_bridge/_arrange_api.py::arrange	documentation
Library	python/oxitest/_bridge/_async_backend.py::AsyncBackend	documentation
Library	python/oxitest/_bridge/_async_backend.py::AsyncSession	documentation
Library	python/oxitest/_bridge/_builtin_context.py::TestContext	documentation
Library	python/oxitest/_bridge/_builtin_context.py::current_test	documentation
Library	python/oxitest/_bridge/_builtins/_capture.py::CaptureResult	documentation
Library	python/oxitest/_bridge/_builtins/_capture.py::FdCapture	documentation
Library	python/oxitest/_bridge/_builtins/_capture.py::FdCaptureResult	documentation
Library	python/oxitest/_bridge/_builtins/_capture.py::StdCapture	documentation
Library	python/oxitest/_bridge/_builtins/_logcapture.py::LogCapture	documentation
Library	python/oxitest/_bridge/_builtins/_patch.py::Patcher	documentation
Library	python/oxitest/_bridge/_builtins/_tempdir.py::TempDir	documentation
Library	python/oxitest/_bridge/_builtins/_tempdir.py::TempDirFactory	documentation
Library	python/oxitest/_bridge/_builtins/_warncapture.py::WarnCapture	documentation
Library	python/oxitest/_bridge/_coverage.py::CovReportFormat	documentation
Library	python/oxitest/_bridge/_debugger.py::DebuggerBackend	documentation
Library	python/oxitest/_bridge/_errors.py::ArrangeError	documentation
Library	python/oxitest/_bridge/_errors.py::AsyncFixtureAccessError	documentation
Library	python/oxitest/_bridge/_errors.py::BoundaryError	documentation
Library	python/oxitest/_bridge/_errors.py::SharedFixtureMutationError	documentation
Library	python/oxitest/_bridge/_errors.py::TestContextUnavailableError	documentation
Library	python/oxitest/_bridge/_fixture_decorator.py::fixture	documentation
Library	python/oxitest/_bridge/_fixture_type.py::_FixtureRefType	documentation
Library	python/oxitest/_bridge/_fixture_type.py::_FixtureType	documentation
Library	python/oxitest/_bridge/_fixture_type.py::_YieldsAlias	documentation
Library	python/oxitest/_bridge/_fixture_type.py::injectable	documentation
Library	python/oxitest/_bridge/_fixture_type.py::type_display_name	documentation
Library	python/oxitest/_bridge/_fixtures.py::Fixtures	documentation
Library	python/oxitest/_bridge/_importorskip.py::importorskip	documentation
Library	python/oxitest/_bridge/_mark_api.py::skip	documentation
Library	python/oxitest/_bridge/_paths.py::format_path	documentation
Library	python/oxitest/_bridge/_plugin_config.py::Both	documentation
Library	python/oxitest/_bridge/_plugin_config.py::Cli	documentation
Library	python/oxitest/_bridge/_plugin_config.py::CliExtension	documentation
Library	python/oxitest/_bridge/_plugin_config.py::Conf	documentation
Library	python/oxitest/_bridge/_raises.py::raises	documentation
Library	python/oxitest/_bridge/_test_identity.py::TestIdentity	documentation
Library	python/oxitest/_bridge/_warns.py::warns	documentation
Library	python/oxitest/_bridge/parametrize.py::parametrize	documentation
Library	python/oxitest/_bridge/parametrize.py::partial	documentation
Library	python/oxitest/_bridge/result.py::CollectedItem	documentation
Library	python/oxitest/_bridge/result.py::SkippedResult	documentation
Library	python/oxitest/_bridge/result.py::StatusKind	documentation
Library	python/oxitest/_bridge/result.py::WarnedResult	documentation
Library	python/oxitest/_bridge/result.py::XFailedResult	documentation
Library	python/oxitest/_exit_code.py::ExitCode	documentation
Library	python/oxitest/plugin.py::CoverageProvider	documentation
Library	python/oxitest/plugin.py::Plugin	documentation
Library	python/oxitest/plugin.py::skipped	documentation
Library	python/oxitest/plugin.py::warned	documentation
Library	python/oxitest/plugin.py::xfailed	documentation
Library	python/tests/docs/how-to/fixture_anchors/api/test_api.py::test_async_write	documentation
Library	python/tests/docs/how-to/fixture_anchors/api/test_api.py::test_audit_log_records_the_test	documentation
Library	python/tests/docs/how-to/fixture_anchors/api/test_api.py::test_create_user	documentation
Library	python/tests/docs/how-to/fixture_anchors/api/test_api.py::test_headers_carry_the_tenant	documentation
Library	python/tests/docs/how-to/fixture_anchors/api/test_api.py::test_module_lifetime_is_one_instance_per_module	documentation
Library	python/tests/docs/how-to/fixture_anchors/api/test_api.py::test_pool_is_open	documentation
Library	python/tests/docs/how-to/fixture_anchors/api/test_api.py::test_query	documentation
Library	python/tests/docs/how-to/fixture_anchors/api/test_api.py::test_request_id_is_injected	documentation
Library	python/tests/docs/how-to/fixture_anchors/api/test_api.py::test_tenant_is_injected	documentation
Library	python/tests/docs/how-to/fixture_anchors/api/test_api.py::test_tenant_is_resolved	documentation
Library	python/tests/docs/how-to/fixture_anchors/api/v1/test_v1.py::test_v1_reaches_its_parent_package	documentation
Library	python/tests/docs/how-to/test_async_tests.py::test_concurrent_work	documentation
Library	python/tests/docs/how-to/test_async_tests.py::test_known_failure	documentation
Library	python/tests/docs/how-to/test_async_tests.py::test_pending	documentation
Library	python/tests/docs/how-to/test_async_tests.py::test_sleep_completes	documentation
Library	python/tests/docs/how-to/test_async_tests.py::test_within_budget	documentation
Library	python/tests/docs/how-to/test_builtin_fixtures.py::test_attribute_override	documentation
Library	python/tests/docs/how-to/test_builtin_fixtures.py::test_c_extension_output	documentation
Library	python/tests/docs/how-to/test_builtin_fixtures.py::test_combined	documentation
Library	python/tests/docs/how-to/test_builtin_fixtures.py::test_debug_logs	documentation
Library	python/tests/docs/how-to/test_builtin_fixtures.py::test_emits_deprecation	documentation
Library	python/tests/docs/how-to/test_builtin_fixtures.py::test_env_override	documentation
Library	python/tests/docs/how-to/test_builtin_fixtures.py::test_env_removal	documentation
Library	python/tests/docs/how-to/test_builtin_fixtures.py::test_log_text	documentation
Library	python/tests/docs/how-to/test_builtin_fixtures.py::test_logs_warning	documentation
Library	python/tests/docs/how-to/test_builtin_fixtures.py::test_metadata	documentation
Library	python/tests/docs/how-to/test_builtin_fixtures.py::test_positive	documentation
Library	python/tests/docs/how-to/test_builtin_fixtures.py::test_prints_greeting	documentation
Library	python/tests/docs/how-to/test_builtin_fixtures.py::test_shared_workspace	documentation
Library	python/tests/docs/how-to/test_builtin_fixtures.py::test_two_phases	documentation
Library	python/tests/docs/how-to/test_builtin_fixtures.py::test_with_cleanup	documentation
Library	python/tests/docs/how-to/test_builtin_fixtures.py::test_with_passthrough	documentation
Library	python/tests/docs/how-to/test_builtin_fixtures.py::test_working_directory	documentation
Library	python/tests/docs/how-to/test_builtin_fixtures.py::test_writes_file	documentation
Library	python/tests/docs/how-to/test_class_based.py::TestExpensive::test_future_feature	documentation
Library	python/tests/docs/how-to/test_class_based.py::TestExpensive::test_heavy_computation	documentation
Library	python/tests/docs/how-to/test_class_based.py::TestStack::test_pop	documentation
Library	python/tests/docs/how-to/test_class_based.py::TestStack::test_push	documentation
Library	python/tests/docs/how-to/test_markers.py::test_known_bug	documentation
Library	python/tests/docs/how-to/test_markers.py::test_large_sort	documentation
Library	python/tests/docs/how-to/test_markers.py::test_must_finish_quickly	documentation
Library	python/tests/docs/how-to/test_markers.py::test_needs_debugger	documentation
Library	python/tests/docs/how-to/test_markers.py::test_not_ready_bare	documentation
Library	python/tests/docs/how-to/test_markers.py::test_not_ready_with_reason	documentation
Library	python/tests/docs/how-to/test_markers.py::test_platform_specific	documentation
Library	python/tests/docs/how-to/test_markers.py::test_symlinks	documentation
Library	python/tests/docs/how-to/test_parametrize.py::test_add	documentation
Library	python/tests/docs/how-to/test_parametrize.py::test_add_compact	documentation
Library	python/tests/docs/how-to/test_parametrize.py::test_query	documentation
Library	python/tests/docs/how-to/test_parametrize.py::test_query_compact	documentation
Library	python/tests/docs/how-to/test_parametrize.py::test_query_composed	documentation
Library	python/tests/docs/how-to/test_parametrize.py::test_sum	documentation
Library	python/tests/docs/how-to/test_raises_warns.py::test_any_io_error	documentation
Library	python/tests/docs/how-to/test_raises_warns.py::test_deprecation_warning	documentation
Library	python/tests/docs/how-to/test_raises_warns.py::test_divide_by_zero	documentation
Library	python/tests/docs/how-to/test_raises_warns.py::test_error_code	documentation
Library	python/tests/docs/how-to/test_raises_warns.py::test_importorskip_with_reason	documentation
Library	python/tests/docs/how-to/test_raises_warns.py::test_invalid_input	documentation
Library	python/tests/docs/how-to/test_raises_warns.py::test_reads_optional_config	documentation
Library	python/tests/docs/how-to/test_raises_warns.py::test_warning_message	documentation
Library	python/tests/docs/how-to/test_raises_warns.py::test_with_pandas	documentation
Library	python/tests/docs/how-to/test_troubleshooting.py::test_example	documentation
Library	python/tests/docs/how-to/test_write_plugins.py::FileReporter::test_completed	documentation
Library	python/tests/docs/how-to/test_write_plugins.py::FileReporter::test_started	documentation
Library	python/tests/docs/how-to/test_write_plugins.py::JsonReporter::test_completed	documentation
Library	python/tests/docs/how-to/test_write_plugins.py::JsonReporter::test_started	documentation
Library	python/tests/docs/how-to/test_write_plugins.py::Reporter::test_completed	documentation
Library	python/tests/docs/how-to/test_write_plugins.py::Reporter::test_started	documentation
Library	python/tests/docs/how-to/test_write_plugins.py::test_addition	documentation
Library	python/tests/docs/how-to/test_write_plugins.py::test_check_collector_discovers_check_functions	documentation
Library	python/tests/docs/how-to/test_write_plugins.py::test_cli_extension_wires_config	documentation
Library	python/tests/docs/how-to/test_write_plugins.py::test_collector_protocol_matches_doc	documentation
Library	python/tests/docs/how-to/test_write_plugins.py::test_composability_multiple_protocols	documentation
Library	python/tests/docs/how-to/test_write_plugins.py::test_config_entry_returns_plugin	documentation
Library	python/tests/docs/how-to/test_write_plugins.py::test_coverage_provider_protocol_matches_doc	documentation
Library	python/tests/docs/how-to/test_write_plugins.py::test_execution_wrapper_protocol_matches_doc	documentation
Library	python/tests/docs/how-to/test_write_plugins.py::test_file_reporter_writes_json	documentation
Library	python/tests/docs/how-to/test_write_plugins.py::test_fixture_provider_protocol_matches_doc	documentation
Library	python/tests/docs/how-to/test_write_plugins.py::test_ipdb_backend_wires_into_plugin	documentation
Library	python/tests/docs/how-to/test_write_plugins.py::test_json_reporter_collects_events	documentation
Library	python/tests/docs/how-to/test_write_plugins.py::test_logbackend_protocol_matches_doc	documentation
Library	python/tests/docs/how-to/test_write_plugins.py::test_multiplication	documentation
Library	python/tests/docs/how-to/test_write_plugins.py::test_plugin_fields_match_doc	documentation
Library	python/tests/docs/how-to/test_write_plugins.py::test_pool_provider_lifecycle	documentation
Library	python/tests/docs/how-to/test_write_plugins.py::test_quick_start_returns_plugin	documentation
Library	python/tests/docs/how-to/test_write_plugins.py::test_reporter_protocol_matches_doc	documentation
Library	python/tests/docs/how-to/test_write_plugins.py::test_retry_wrapper_retries	documentation
Library	python/tests/docs/how-to/test_write_plugins.py::test_slipcover_provider_wires_into_plugin	documentation
Library	python/tests/docs/how-to/test_write_plugins.py::test_timestamp_backend_captures	documentation
Library	python/tests/docs/how-to/test_write_plugins.py::test_trio_backend_defaults_supports_nested_acquire_false	documentation
Library	python/tests/docs/how-to/test_write_plugins.py::test_trio_backend_wires_into_plugin	documentation
Library	python/tests/docs/how-to/test_write_plugins.py::test_trio_session_is_a_context_manager	documentation
Library	python/tests/docs/how-to/use_fixtures/db/test_fixtures.py::test_cold_start	documentation
Library	python/tests/docs/how-to/use_fixtures/db/test_fixtures.py::test_export	documentation
Library	python/tests/docs/how-to/use_fixtures/db/test_fixtures.py::test_insert_user	documentation
Library	python/tests/docs/reference/test_errors.py::test_add	documentation
Library	python/tests/docs/reference/test_exceptions.py::test_mutation	documentation
Library	python/tests/docs/reference/test_marks.py::test_env_mutation	documentation
Library	python/tests/docs/reference/test_marks.py::test_feature	documentation
Library	python/tests/docs/reference/test_marks.py::test_symlinks	documentation
Library	python/tests/docs/reference/test_utilities.py::test_mapping	documentation
Library	python/tests/docs/reference/test_utilities.py::test_only_on_linux	documentation
Library	python/tests/docs/reference/test_utilities.py::test_pi	documentation
Library	python/tests/docs/reference/test_utilities.py::test_vector	documentation
Library	python/tests/docs/tutorials/first_fixture/test_first_fixture.py::test_a_mutation_does_not_leak_in_from_the_previous_test	documentation
Library	python/tests/docs/tutorials/first_fixture/test_first_fixture.py::test_a_mutation_does_not_leak_into_the_next_test	documentation
Library	python/tests/docs/tutorials/first_fixture/test_first_fixture.py::test_sum	documentation
Library	python/tests/docs/tutorials/test_getting_started.py::test_addition	documentation
Library	python/tests/docs/tutorials/test_getting_started.py::test_multiplication	documentation
Library	python/tests/docs/tutorials/test_getting_started.py::test_string_repeat	documentation
Library	python/tests/integration/test_helper_retirement.py::test_helper_symbols_are_gone_from_the_public_api
Library	python/tests/integration/test_marker_sync.py::test_no_unexpected_rust_only_markers
Library	python/tests/integration/test_marker_sync.py::test_python_markers_are_subset_of_rust
Library	python/tests/test_approx.py::test_approx_base_isinstance
Library	python/tests/test_approx.py::test_approx_vs_approx_raises
Library	python/tests/test_approx.py::test_bad_input_raises
Library	python/tests/test_approx.py::test_import_from_public_api
Library	python/tests/test_approx.py::test_mapping_key_mismatch
Library	python/tests/test_approx.py::test_mapping_match
Library	python/tests/test_approx.py::test_mapping_nested
Library	python/tests/test_approx.py::test_mapping_with_sequence_values
Library	python/tests/test_approx.py::test_non_numeric_eq_returns_not_implemented
Library	python/tests/test_approx.py::test_ordering_raises
Library	python/tests/test_approx.py::test_repr
Library	python/tests/test_approx.py::test_scalar_both_rel_and_abs
Library	python/tests/test_approx.py::test_scalar_custom_abs
Library	python/tests/test_approx.py::test_scalar_custom_abs_too_tight
Library	python/tests/test_approx.py::test_scalar_custom_rel
Library	python/tests/test_approx.py::test_scalar_custom_rel_too_tight
Library	python/tests/test_approx.py::test_scalar_decimal
Library	python/tests/test_approx.py::test_scalar_default_tolerance_fails
Library	python/tests/test_approx.py::test_scalar_default_tolerance_passes
Library	python/tests/test_approx.py::test_scalar_inf_equal
Library	python/tests/test_approx.py::test_scalar_int_coercion
Library	python/tests/test_approx.py::test_scalar_nan_default_false
Library	python/tests/test_approx.py::test_scalar_nan_ok_true
Library	python/tests/test_approx.py::test_scalar_nan_vs_number
Library	python/tests/test_approx.py::test_scalar_near_zero
Library	python/tests/test_approx.py::test_scalar_neg_inf_not_equal_pos_inf
Library	python/tests/test_approx.py::test_scalar_number_vs_nan
Library	python/tests/test_approx.py::test_sequence_length_mismatch
Library	python/tests/test_approx.py::test_sequence_list_match
Library	python/tests/test_approx.py::test_sequence_mixed_numeric_types
Library	python/tests/test_approx.py::test_sequence_nested
Library	python/tests/test_approx.py::test_sequence_tuple_match
Library	python/tests/test_arrange_api.py::test_arrange_bare_raises_typeerror
Library	python/tests/test_arrange_api.py::test_arrange_duplicate_within_one_call_raises
Library	python/tests/test_arrange_api.py::test_arrange_empty_raises_typeerror
Library	python/tests/test_arrange_api.py::test_arrange_is_exported_at_top_level
Library	python/tests/test_arrange_api.py::test_arrange_on_class_attaches_to_class
Library	python/tests/test_arrange_api.py::test_arrange_rejects_non_injectable_class
Library	python/tests/test_arrange_api.py::test_arrange_rejects_non_type_non_str_arg
Library	python/tests/test_arrange_api.py::test_arrange_stacked_decorators_merge_outer_first
Library	python/tests/test_arrange_api.py::test_arrange_stores_mixed_types_and_names_in_order
Library	python/tests/test_arrange_api.py::test_arrange_stores_single_type
Library	python/tests/test_arrange_async.py::test_unpack_sync_passes_coroutine_through
Library	python/tests/test_arrange_collection.py::test_arranged_fixtures_appear_in_fixture_deps
Library	python/tests/test_arrange_collection.py::test_class_and_method_arrange_merge_class_first
Library	python/tests/test_arrange_collection.py::test_class_arrange_propagates_to_methods
Library	python/tests/test_arrange_collection.py::test_collected_item_defaults_arranged_to_empty_tuple
Library	python/tests/test_arrange_collection.py::test_importer_dedupes_stacked_arrange
Library	python/tests/test_arrange_collection.py::test_importer_errors_on_name_collision
Library	python/tests/test_arrange_collection.py::test_importer_errors_on_type_collision
Library	python/tests/test_arrange_collection.py::test_importer_populates_arranged_from_decorator
Library	python/tests/test_arrange_execution.py::test_arrange_ambiguous_type_reports_error
Library	python/tests/test_arrange_execution.py::test_arrange_missing_fixture_returns_error_result
Library	python/tests/test_arrange_execution.py::test_arrange_multiple_entries_all_setup
Library	python/tests/test_arrange_execution.py::test_arrange_name_string_setup_runs
Library	python/tests/test_arrange_execution.py::test_arrange_teardown_runs_after_test_body
Library	python/tests/test_arrange_execution.py::test_arrange_type_builtin_setup_runs
Library	python/tests/test_assert_error.py::test_assert_with_message_carries_why
Library	python/tests/test_assert_error.py::test_bare_assert_map_returned
Library	python/tests/test_assert_error.py::test_bare_assert_nested_fn_attributed_to_outer
Library	python/tests/test_assert_error.py::test_bool_assert_failure_carries_value
Library	python/tests/test_assert_error.py::test_bool_op_assert_left_untouched
Library	python/tests/test_assert_error.py::test_chained_compare_left_untouched
Library	python/tests/test_assert_error.py::test_compare_equal_failure_carries_left_right_op
Library	python/tests/test_assert_error.py::test_compare_in_failure_carries_operands
Library	python/tests/test_assert_error.py::test_passing_assert_does_not_raise
Library	python/tests/test_assert_result.py::test_assert_result_checks_every_field_not_just_the_first
Library	python/tests/test_assert_result.py::test_assert_result_rejects_an_empty_why
Library	python/tests/test_assert_result.py::test_assert_result_reports_a_field_mismatch_with_the_why
Library	python/tests/test_assert_result.py::test_assert_result_reports_the_actual_results_message
Library	python/tests/test_assert_result.py::test_assert_result_reports_the_actual_variant_on_mismatch
Library	python/tests/test_assert_result.py::test_assert_result_returns_the_narrowed_variant
Library	python/tests/test_assert_result.py::test_assert_result_surfaces_the_why_on_mismatch
Library	python/tests/test_assert_result.py::test_assert_result_surfaces_the_why_on_none
Library	python/tests/test_async_backend.py::test_acquire_session_yields_asyncio_session
Library	python/tests/test_async_backend.py::test_asyncio_backend_conforms_to_async_backend_protocol
Library	python/tests/test_async_backend.py::test_asyncio_backend_name
Library	python/tests/test_async_backend.py::test_asyncio_backend_supports_nested_acquire_defaults_false
Library	python/tests/test_async_backend.py::test_asyncio_session_conforms_to_async_session_protocol
Library	python/tests/test_async_backend.py::test_asyncio_session_double_exit_is_idempotent
Library	python/tests/test_async_backend.py::test_asyncio_session_finalizes_asyncgens_on_exit
Library	python/tests/test_async_backend.py::test_asyncio_session_multiple_run_calls_share_runtime
Library	python/tests/test_async_backend.py::test_asyncio_session_propagates_exception
Library	python/tests/test_async_backend.py::test_asyncio_session_run_after_exit_raises
Library	python/tests/test_async_backend.py::test_asyncio_session_runs_coroutine
Library	python/tests/test_async_backend.py::test_asyncio_session_stray_task_diagnostic
Library	python/tests/test_async_fixtures.py::test_async_generator_fixture_teardown_exception_reported
Library	python/tests/test_async_fixtures.py::test_backend_property
Library	python/tests/test_async_fixtures.py::test_cleanup_closes_session
Library	python/tests/test_async_fixtures.py::test_cleanup_drains_teardowns_in_reverse
Library	python/tests/test_async_fixtures.py::test_cleanup_noop_without_session
Library	python/tests/test_async_fixtures.py::test_initial_state_session_is_none
Library	python/tests/test_async_fixtures.py::test_initial_state_was_used_is_false
Library	python/tests/test_async_fixtures.py::test_resolve_async_generator_tracks_teardown
Library	python/tests/test_async_fixtures.py::test_resolve_creates_session_lazily
Library	python/tests/test_async_fixtures.py::test_resolve_passes_deps_to_fixture
Library	python/tests/test_async_fixtures.py::test_resolve_plain_coroutine
Library	python/tests/test_async_fixtures.py::test_resolve_raises_fixture_setup_error_on_exception
Library	python/tests/test_async_fixtures.py::test_resolve_reuses_existing_session
Library	python/tests/test_async_fixtures.py::test_resolve_sets_was_used
Library	python/tests/test_async_fixtures.py::test_resolve_sync_function_passthrough
Library	python/tests/test_async_fixtures.py::test_shared_async_manager_becomes_live_on_first_resolve
Library	python/tests/test_async_fixtures.py::test_shared_async_manager_cleanup_is_idempotent
Library	python/tests/test_async_fixtures.py::test_shared_async_manager_holds_session_via_exitstack
Library	python/tests/test_async_fixtures.py::test_shared_async_manager_starts_idle
Library	python/tests/test_async_fixtures.py::test_shared_manager_does_not_poison_middleware_guard
Library	python/tests/test_async_fixtures.py::test_was_used_can_be_reset
Library	python/tests/test_async_fixtures.py::test_was_used_setter
Library	python/tests/test_async_guard_fail_closed.py::test_the_async_guard_parameter_has_no_default
Library	python/tests/test_async_session_guard.py::test_guard_resets_contextvar_when_backend_acquire_raises
Library	python/tests/test_async_session_guard.py::test_guard_resets_contextvar_when_body_raises
Library	python/tests/test_async_session_guard.py::test_nested_acquire_allowed_on_opt_out_backend
Library	python/tests/test_async_session_guard.py::test_nested_acquire_raises_on_strict_backend
Library	python/tests/test_async_session_guard.py::test_session_open_contextvar_resets_after_exit
Library	python/tests/test_autouse_entries.py::test_autouse_entries_honours_the_rule_7_opt_out
Library	python/tests/test_autouse_entries.py::test_autouse_entries_orders_widest_lifetime_first
Library	python/tests/test_autouse_entries.py::test_autouse_entries_reports_the_lifetime_not_the_scope
Library	python/tests/test_b1_collection_gate.py::test_a_shortcut_that_resolves_to_nothing_is_refused
Library	python/tests/test_b1_collection_gate.py::test_an_ambient_namespace_is_never_a_boundary_violation
Library	python/tests/test_b1_collection_gate.py::test_an_anchored_fixture_out_of_reach_is_refused
Library	python/tests/test_b1_collection_gate.py::test_reading_an_attribute_off_a_fixture_is_not_a_fixture_access
Library	python/tests/test_b1_collection_gate.py::test_the_builtin_namespace_is_never_a_boundary_violation
Library	python/tests/test_b1_collection_gate.py::test_the_same_module_reaches_its_own_inline_declaration
Library	python/tests/test_backend_resolution.py::test_backend_not_found_error
Library	python/tests/test_backend_resolution.py::test_conflicting_backend_error
Library	python/tests/test_backend_resolution.py::test_default_asyncio_with_empty_registry
Library	python/tests/test_backend_resolution.py::test_plugin_asyncio_name_conflicts_with_builtin
Library	python/tests/test_backend_resolution.py::test_plugin_backend_resolves_by_name
Library	python/tests/test_boundary.py::test_async_safe_call_invokes_on_error_when_coro_raises
Library	python/tests/test_boundary.py::test_async_safe_call_returns_default_when_coro_raises_without_on_error
Library	python/tests/test_boundary.py::test_safe_call_invokes_on_error_when_fn_raises
Library	python/tests/test_boundary.py::test_safe_call_returns_default_when_fn_raises_without_on_error
Library	python/tests/test_boundary.py::test_safe_call_returns_value_when_fn_succeeds
Library	python/tests/test_boundary.py::test_safe_teardown_invokes_warn_when_fn_raises
Library	python/tests/test_boundary.py::test_safe_teardown_returns_none_without_calling_warn_when_fn_succeeds
Library	python/tests/test_boundary.py::test_safe_teardown_swallows_without_warn_when_fn_raises
Library	python/tests/test_boundary.py::test_safe_type_hints_forwards_kwargs_to_get_type_hints
Library	python/tests/test_boundary.py::test_safe_type_hints_returns_none_when_get_type_hints_raises
Library	python/tests/test_boundary.py::test_safe_type_hints_returns_resolved_hints_for_annotated_fn
Library	python/tests/test_boundary.py::test_setup_completed_only_for_async_generators_advanced_through_the_helper
Library	python/tests/test_boundary.py::test_setup_completed_only_for_suspended_sync_generators
Library	python/tests/test_boundary.py::test_the_311_fallback_arm_reads_the_advance_record
Library	python/tests/test_bridge_contract.py::test_collected_item_manual_construction
Library	python/tests/test_bridge_contract.py::test_compact_passed_omits_all_optional_fields
Library	python/tests/test_bridge_contract.py::test_compact_strict_true_is_included
Library	python/tests/test_bridge_contract.py::test_debug_context_defaults_are_off_and_null
Library	python/tests/test_bridge_contract.py::test_failed_result_manual_construction
Library	python/tests/test_bridge_contract.py::test_failed_shape_error_includes_message_and_frames
Library	python/tests/test_bridge_contract.py::test_failed_shape_includes_diagnostic_fields
Library	python/tests/test_bridge_contract.py::test_field_diff_tuple_contract
Library	python/tests/test_bridge_contract.py::test_fixture_session_end_module_does_not_raise
Library	python/tests/test_bridge_contract.py::test_fixture_session_has_bridge_methods
Library	python/tests/test_bridge_contract.py::test_frame_keys
Library	python/tests/test_bridge_contract.py::test_frame_multiple_frames_preserved
Library	python/tests/test_bridge_contract.py::test_get_fixture_timings_entry_has_required_attrs
Library	python/tests/test_bridge_contract.py::test_get_fixture_timings_returns_expected_shape
Library	python/tests/test_bridge_contract.py::test_local_var_tuple_contract
Library	python/tests/test_bridge_contract.py::test_no_debug_matches_default_debug_context
Library	python/tests/test_bridge_contract.py::test_protocol_version_always_present
Library	python/tests/test_bridge_contract.py::test_required_fields_failed_has_required_fields
Library	python/tests/test_bridge_contract.py::test_required_fields_passed_has_required_fields
Library	python/tests/test_bridge_contract.py::test_status_round_trip
Library	python/tests/test_bridge_contract.py::test_strict_mode_documents_one_section_per_violation_kind
Library	python/tests/test_bridge_contract.py::test_violation_kind_variants_match_rust
Library	python/tests/test_bridge_fixture_registration_entry.py::test_importer_exposes_module_source_registration_hook
Library	python/tests/test_builtin_shape_rule.py::test_declared_block_scoped_forms_exist
Library	python/tests/test_builtin_shape_rule.py::test_every_builtin_is_classified
Library	python/tests/test_builtin_shape_rule.py::test_needs_none_builtins_have_not_grown_a_form
Library	python/tests/test_builtins.py::test_builtin_context_keep_tmp_accepts_value
Library	python/tests/test_builtins.py::test_builtin_context_keep_tmp_default_is_cleanup
Library	python/tests/test_builtins.py::test_builtin_fixture_create_raises_not_implemented
Library	python/tests/test_builtins.py::test_builtin_fixture_for_type_unknown_returns_none
Library	python/tests/test_builtins.py::test_builtin_fixture_registration
Library	python/tests/test_builtins.py::test_builtin_types_are_injectable
Library	python/tests/test_builtins.py::test_fdcapture_captures_fd_write
Library	python/tests/test_builtins.py::test_fdcapture_disabled_passes_through
Library	python/tests/test_builtins.py::test_fdcapture_keeps_the_bytes_a_utf8_decode_cannot_represent
Library	python/tests/test_builtins.py::test_fdcapture_readouterr_resets_buffer
Library	python/tests/test_builtins.py::test_fdcapture_teardown_restores_fds
Library	python/tests/test_builtins.py::test_logcapture_at_level_captures_and_restores
Library	python/tests/test_builtins.py::test_logcapture_close_restores_root_logger_level
Library	python/tests/test_builtins.py::test_logcapture_fixture_registers_teardown
Library	python/tests/test_builtins.py::test_logcapture_includes_plugin_backends
Library	python/tests/test_builtins.py::test_logcapture_injected_via_session
Library	python/tests/test_builtins.py::test_logcapture_records_aggregates_backends
Library	python/tests/test_builtins.py::test_logcapture_set_level_changes_threshold
Library	python/tests/test_builtins.py::test_logcapture_teardown_uninstalls_backends
Library	python/tests/test_builtins.py::test_logcapture_text_formats_records
Library	python/tests/test_builtins.py::test_patcher_chdir_changes_and_restores
Library	python/tests/test_builtins.py::test_patcher_delenv_removes_and_restores
Library	python/tests/test_builtins.py::test_patcher_injected_via_session
Library	python/tests/test_builtins.py::test_patcher_setattr_keeps_the_base_reachable_through_the_mro
Library	python/tests/test_builtins.py::test_patcher_setattr_leaves_getattr_serving_the_attribute
Library	python/tests/test_builtins.py::test_patcher_setattr_leaves_no_bound_method_in_an_instance_dict
Library	python/tests/test_builtins.py::test_patcher_setattr_overrides_attribute
Library	python/tests/test_builtins.py::test_patcher_setattr_removes_an_attribute_the_object_did_not_own
Library	python/tests/test_builtins.py::test_patcher_setattr_restores_an_attribute_on_an_object_without_a_dict
Library	python/tests/test_builtins.py::test_patcher_setattr_restores_on_teardown
Library	python/tests/test_builtins.py::test_patcher_setenv_sets_and_restores
Library	python/tests/test_builtins.py::test_patcher_teardown_undoes_in_lifo_order
Library	python/tests/test_builtins.py::test_print_line_break_by_capture_level
Library	python/tests/test_builtins.py::test_stdcapture_captures_print
Library	python/tests/test_builtins.py::test_stdcapture_disabled_passes_through
Library	python/tests/test_builtins.py::test_stdcapture_injected_via_session
Library	python/tests/test_builtins.py::test_stdcapture_readouterr_resets_buffer
Library	python/tests/test_builtins.py::test_stdcapture_result_carries_no_bytes
Library	python/tests/test_builtins.py::test_stdcapture_teardown_restores_streams
Library	python/tests/test_builtins.py::test_stdlib_log_backend_install_idempotent
Library	python/tests/test_builtins.py::test_stdlib_log_backend_starts_uninstalled
Library	python/tests/test_builtins.py::test_tempdir_factory_mktemp_creates_distinct_dirs
Library	python/tests/test_builtins.py::test_tempdir_factory_scope_is_session
Library	python/tests/test_builtins.py::test_tempdir_factory_session_scoped
Library	python/tests/test_builtins.py::test_tempdir_factory_teardown_removes_all_dirs
Library	python/tests/test_builtins.py::test_tempdir_fixture_creates_directory
Library	python/tests/test_builtins.py::test_tempdir_fixture_directory_name_includes_fn_name
Library	python/tests/test_builtins.py::test_tempdir_fixture_teardown_removes_directory
Library	python/tests/test_builtins.py::test_tempdir_injected_via_session
Library	python/tests/test_builtins.py::test_tempdir_keep_tmp_always_preserves_on_pass
Library	python/tests/test_builtins.py::test_tempdir_keep_tmp_emits_diagnostic
Library	python/tests/test_builtins.py::test_tempdir_keep_tmp_failed_cleans_on_pass
Library	python/tests/test_builtins.py::test_tempdir_keep_tmp_failed_preserves_on_error
Library	python/tests/test_builtins.py::test_tempdir_keep_tmp_failed_preserves_on_failure
Library	python/tests/test_builtins.py::test_testcontext_registered_as_builtin
Library	python/tests/test_builtins.py::test_testcontext_still_works_via_builtin_dispatch
Library	python/tests/test_check_artifact.py::test_a_classifier_only_in_the_artifact_refuses	tooling
Library	python/tests/test_check_artifact.py::test_a_complete_record_passes	tooling
Library	python/tests/test_check_artifact.py::test_a_module_absent_from_the_record_refuses	tooling
Library	python/tests/test_check_artifact.py::test_a_newer_manylinux_than_the_release_container_refuses	tooling
Library	python/tests/test_check_artifact.py::test_a_source_root_holding_no_package_refuses	tooling
Library	python/tests/test_check_artifact.py::test_a_wheel_tagged_for_another_interpreter_refuses	tooling
Library	python/tests/test_check_artifact.py::test_a_windows_console_script_entry_does_not_fail_the_manifest	tooling
Library	python/tests/test_check_artifact.py::test_an_empty_property_list_refuses	tooling
Library	python/tests/test_check_artifact.py::test_an_import_from_outside_the_source_tree_passes	tooling
Library	python/tests/test_check_artifact.py::test_an_unknown_property_refuses	tooling
Library	python/tests/test_check_artifact.py::test_an_unrepaired_linux_wheel_refuses	tooling
Library	python/tests/test_check_artifact.py::test_metadata_disagreeing_with_pyproject_refuses	tooling
Library	python/tests/test_check_artifact.py::test_the_working_directory_inside_the_source_tree_refuses	tooling
Library	python/tests/test_check_artifact.py::test_two_compiled_extensions_refuse	tooling
Library	python/tests/test_check_band_record.py::test_a_benchmark_test_gets_a_row_with_the_tooling_attribute	tooling
Library	python/tests/test_check_band_record.py::test_a_class_method_carries_its_class_in_the_key	tooling
Library	python/tests/test_check_band_record.py::test_a_docstring_example_becomes_a_library_row	tooling
Library	python/tests/test_check_band_record.py::test_a_generated_tree_reaches_no_row	tooling
Library	python/tests/test_check_band_record.py::test_a_module_inside_a_module_carries_both_segments	tooling
Library	python/tests/test_check_band_record.py::test_a_nested_function_named_like_a_test_gets_no_row	tooling
Library	python/tests/test_check_band_record.py::test_a_rust_test_attaching_the_gil_is_library	tooling
Library	python/tests/test_check_band_record.py::test_a_rust_unit_test_is_crate	tooling
Library	python/tests/test_check_band_record.py::test_a_spawn_imported_from_subprocess_is_still_read	tooling
Library	python/tests/test_check_band_record.py::test_a_specimen_gets_no_row	tooling
Library	python/tests/test_check_band_record.py::test_a_subprocess_running_the_module_is_command	tooling
Library	python/tests/test_check_band_record.py::test_a_test_calling_a_product_starter_is_command	tooling
Library	python/tests/test_check_band_record.py::test_a_test_covering_a_script_carries_the_tooling_attribute	tooling
Library	python/tests/test_check_band_record.py::test_a_test_reaching_a_starter_through_a_fixture_is_command	tooling
Library	python/tests/test_check_band_record.py::test_a_test_reaching_a_starter_through_a_local_helper_is_command	tooling
Library	python/tests/test_check_band_record.py::test_a_test_spawning_git_is_library	tooling
Library	python/tests/test_check_band_record.py::test_a_test_starting_nothing_is_library	tooling
Library	python/tests/test_check_band_record.py::test_a_test_under_the_docs_tree_carries_the_documentation_attribute	tooling
Library	python/tests/test_check_band_record.py::test_an_exception_for_a_test_that_resolves_is_refused	tooling
Library	python/tests/test_check_band_record.py::test_an_exception_places_a_test_the_parse_cannot_read	tooling
Library	python/tests/test_check_band_record.py::test_the_gate_refuses_a_record_that_disagrees_with_the_tree	tooling
Library	python/tests/test_check_band_record.py::test_the_gate_reports_an_absent_record_rather_than_passing	tooling
Library	python/tests/test_check_band_record.py::test_the_program_decides_not_any_argument	tooling
Library	python/tests/test_check_band_record.py::test_the_record_is_sorted_and_posix_separated	tooling
Library	python/tests/test_check_band_record.py::test_the_resolver_refuses_an_unknown_spawn_route	tooling
Library	python/tests/test_check_band_record.py::test_two_rust_modules_may_hold_the_same_test_name	tooling
Library	python/tests/test_check_band_record.py::test_update_writes_the_record_and_the_gate_then_agrees	tooling
Library	python/tests/test_check_bridge_sync.py::test_extractor_py_ignores_non_module_level_assignments	tooling
Library	python/tests/test_check_bridge_sync.py::test_extractor_py_reads_annotated_int_assignment	tooling
Library	python/tests/test_check_bridge_sync.py::test_extractor_py_returns_none_when_constant_absent	tooling
Library	python/tests/test_check_bridge_sync.py::test_extractor_rs_reads_pub_crate_const	tooling
Library	python/tests/test_check_bridge_sync.py::test_extractor_rs_returns_none_when_constant_absent	tooling
Library	python/tests/test_check_bridge_sync.py::test_item_reads_cover_subscript_and_get	tooling
Library	python/tests/test_check_bridge_sync.py::test_lock_report_accepts_a_record_that_matches_the_tree	tooling
Library	python/tests/test_check_bridge_sync.py::test_lock_report_refuses_a_shape_change_that_kept_the_version	tooling
Library	python/tests/test_check_bridge_sync.py::test_lock_report_separates_a_stale_record_from_an_unbumped_version	tooling
Library	python/tests/test_check_bridge_sync.py::test_python_classes_ignores_an_undecorated_class	tooling
Library	python/tests/test_check_bridge_sync.py::test_python_classes_reads_dataclass_fields	tooling
Library	python/tests/test_check_bridge_sync.py::test_python_classes_reads_the_module_qualified_decorator	tooling
Library	python/tests/test_check_bridge_sync.py::test_read_lock_reports_malformed_json_instead_of_crashing	tooling
Library	python/tests/test_check_bridge_sync.py::test_rust_structs_ignores_a_struct_without_the_derive	tooling
Library	python/tests/test_check_bridge_sync.py::test_rust_structs_reads_fields_of_a_frompyobject_struct	tooling
Library	python/tests/test_check_bridge_sync.py::test_script_exits_nonzero_and_reports_mismatch	tooling
Library	python/tests/test_check_bridge_sync.py::test_script_exits_zero_when_versions_match	tooling
Library	python/tests/test_check_bridge_sync.py::test_task_item_reads_the_serde_struct_fields	tooling
Library	python/tests/test_check_bridge_sync.py::test_to_wire_unions_all_three_field_sources	tooling
Library	python/tests/test_check_bridge_sync.py::test_update_lock_refuses_to_record_a_change_without_a_bump	tooling
Library	python/tests/test_check_bridge_sync.py::test_update_lock_rewrites_an_unreadable_lock	tooling
Library	python/tests/test_check_bridge_sync.py::test_update_lock_writes_after_a_version_bump	tooling
Library	python/tests/test_check_bridge_sync.py::test_wire_base_excludes_the_envelope_discriminator	tooling
Library	python/tests/test_check_bridge_sync.py::test_wire_base_reads_every_key_of_the_return_dict	tooling
Library	python/tests/test_check_bridge_sync.py::test_wire_base_returns_empty_when_the_helper_is_absent	tooling
Library	python/tests/test_check_bridge_sync.py::test_wire_result_returns_empty_when_the_enum_is_absent	tooling
Library	python/tests/test_check_bridge_sync.py::test_wire_result_unions_variant_fields_and_adds_the_tag	tooling
Library	python/tests/test_check_closing_issues.py::test_a_disagreeing_branch_name_is_reported_and_not_enforced	tooling
Library	python/tests/test_check_closing_issues.py::test_a_readable_payload_reaches_a_verdict	tooling
Library	python/tests/test_check_closing_issues.py::test_agreement_names_every_closure	tooling
Library	python/tests/test_check_closing_issues.py::test_agreement_with_no_issues_says_none	tooling
Library	python/tests/test_check_closing_issues.py::test_an_unreadable_payload_cannot_answer_rather_than_refuse	tooling
Library	python/tests/test_check_closing_issues.py::test_branch_issue_numbers_are_parsed	tooling
Library	python/tests/test_check_closing_issues.py::test_refusal_names_an_issue_the_body_never_closed	tooling
Library	python/tests/test_check_closing_issues.py::test_refusal_names_the_unnamed_closure_and_the_cause	tooling
Library	python/tests/test_check_closing_issues.py::test_title_issue_numbers_are_parsed	tooling
Library	python/tests/test_check_closing_issues.py::test_verdict_matches_measured_pull_requests	tooling
Library	python/tests/test_check_disposition.py::test_a_bare_closing_issue_refuses_end_to_end	tooling
Library	python/tests/test_check_disposition.py::test_a_marked_closing_issue_passes_end_to_end	tooling
Library	python/tests/test_check_disposition.py::test_an_unreadable_issue_cannot_answer_rather_than_refuse	tooling
Library	python/tests/test_check_disposition.py::test_an_unreadable_pull_request_cannot_answer_rather_than_refuse	tooling
Library	python/tests/test_check_disposition.py::test_the_marker_counts_only_where_it_renders_as_nothing	tooling
Library	python/tests/test_check_disposition.py::test_the_passing_report_says_what_it_checked	tooling
Library	python/tests/test_check_disposition.py::test_the_real_1721_body_does_not_count	tooling
Library	python/tests/test_check_disposition.py::test_the_refusal_names_the_bare_issue_and_the_token_to_paste	tooling
Library	python/tests/test_check_disposition.py::test_verdict_refuses_only_on_a_bare_closing_issue	tooling
Library	python/tests/test_check_justfile_quoting.py::test_a_quoted_interpolation_is_refused	tooling
Library	python/tests/test_check_justfile_quoting.py::test_an_accepted_construct_is_not_flagged	tooling
Library	python/tests/test_check_justfile_quoting.py::test_each_interpolation_on_a_line_is_reported_separately	tooling
Library	python/tests/test_check_justfile_quoting.py::test_the_report_suggests_the_quote_form	tooling
Library	python/tests/test_check_justfile_quoting.py::test_the_report_survives_a_locale_encoded_pipe	tooling
Library	python/tests/test_check_justfile_quoting.py::test_the_script_exits_non_zero_on_a_dirty_justfile	tooling
Library	python/tests/test_check_justfile_quoting.py::test_the_script_exits_zero_on_a_clean_justfile	tooling
Library	python/tests/test_check_justfile_quoting.py::test_this_repo_justfile_is_clean	tooling
Library	python/tests/test_check_platform_sets.py::test_a_build_job_shipping_fewer_interpreters_is_refused	tooling
Library	python/tests/test_check_platform_sets.py::test_a_gate_that_skips_a_shipped_platform_is_refused	tooling
Library	python/tests/test_check_platform_sets.py::test_a_job_declaring_no_interpreter_is_absent_rather_than_empty	tooling
Library	python/tests/test_check_platform_sets.py::test_a_requires_python_this_parser_cannot_read_is_refused	tooling
Library	python/tests/test_check_platform_sets.py::test_an_empty_gate_matrix_is_refused_rather_than_passing_vacuously	tooling
Library	python/tests/test_check_platform_sets.py::test_an_interpreter_below_requires_python_is_refused	tooling
Library	python/tests/test_check_platform_sets.py::test_an_unknown_gate_runner_is_returned_verbatim	tooling
Library	python/tests/test_check_platform_sets.py::test_each_drift_is_reported	tooling
Library	python/tests/test_check_platform_sets.py::test_empty_target_set_is_refused_rather_than_passing_vacuously	tooling
Library	python/tests/test_check_platform_sets.py::test_gate_platforms_reads_the_matrix_runner_axis	tooling
Library	python/tests/test_check_platform_sets.py::test_interpreter_sets_reads_both_spellings	tooling
Library	python/tests/test_check_platform_sets.py::test_no_interpreter_declaration_at_all_is_refused	tooling
Library	python/tests/test_check_platform_sets.py::test_os_classifiers_ignores_every_other_classifier	tooling
Library	python/tests/test_check_platform_sets.py::test_rollup_needs_ignores_jobs_outside_a_required_rollup	tooling
Library	python/tests/test_check_platform_sets.py::test_script_exits_0_on_this_repo	tooling
Library	python/tests/test_check_platform_sets.py::test_script_exits_1_on_a_mock_layout_with_a_mismatch	tooling
Library	python/tests/test_check_platform_sets.py::test_script_output_is_pure_ascii	tooling
Library	python/tests/test_check_platform_sets.py::test_stale_allowlist_entry_is_refused	tooling
Library	python/tests/test_check_platform_sets.py::test_wheel_targets_ignores_jobs_that_build_no_wheel	tooling
Library	python/tests/test_check_platform_sets.py::test_wheel_targets_reads_matrix_and_literal_step_targets	tooling
Library	python/tests/test_check_subprocess_encoding.py::test_a_partial_wrapped_spawner_is_a_violation	tooling
Library	python/tests/test_check_subprocess_encoding.py::test_a_partial_wrapped_spawner_naming_an_encoding_is_clean	tooling
Library	python/tests/test_check_subprocess_encoding.py::test_capture_output_alone_is_not_a_violation	tooling
Library	python/tests/test_check_subprocess_encoding.py::test_naming_an_encoding_satisfies_the_gate	tooling
Library	python/tests/test_check_subprocess_encoding.py::test_script_exits_0_on_this_repo	tooling
Library	python/tests/test_check_subprocess_encoding.py::test_text_false_is_an_explicit_opt_out	tooling
Library	python/tests/test_check_subprocess_encoding.py::test_text_mode_without_encoding_is_a_violation	tooling
Library	python/tests/test_coverage.py::test_conflicting_coverage_providers_raises
Library	python/tests/test_coverage.py::test_cov_report_format_from_string
Library	python/tests/test_coverage.py::test_cov_report_format_values
Library	python/tests/test_coverage.py::test_fake_provider_satisfies_protocol
Library	python/tests/test_coverage.py::test_null_coverage_is_structural_provider
Library	python/tests/test_coverage.py::test_null_coverage_report_raises
Library	python/tests/test_coverage.py::test_null_coverage_start_raises
Library	python/tests/test_coverage.py::test_null_coverage_stop_raises
Library	python/tests/test_coverage.py::test_provider_import_error_without_coverage
Library	python/tests/test_coverage.py::test_provider_report_html
Library	python/tests/test_coverage.py::test_provider_report_none_skips
Library	python/tests/test_coverage.py::test_provider_report_term
Library	python/tests/test_coverage.py::test_provider_start_sets_env_var
Library	python/tests/test_coverage.py::test_provider_stop_saves_and_combines
Library	python/tests/test_coverage.py::test_worker_coverage_skipped_when_env_absent
Library	python/tests/test_coverage.py::test_worker_coverage_startup_when_env_set
Library	python/tests/test_cwd_guard.py::test_restore_reports_when_the_captured_directory_is_gone
Library	python/tests/test_debug.py::test_pdb_backend_satisfies_protocol
Library	python/tests/test_debug.py::test_recording_debugger_records_post_mortem
Library	python/tests/test_debug.py::test_recording_debugger_records_trace
Library	python/tests/test_debug.py::test_recording_debugger_satisfies_protocol
Library	python/tests/test_declaration_refusals.py::test_a_class_method_fixture_is_refused_in_a_declaration_home
Library	python/tests/test_declaration_refusals.py::test_a_classmethod_fixture_is_refused
Library	python/tests/test_declaration_refusals.py::test_a_fixture_defined_inside_a_function_body_is_not_refused
Library	python/tests/test_declaration_refusals.py::test_a_fixture_in_a_nested_class_is_refused
Library	python/tests/test_declaration_refusals.py::test_a_fixture_on_a_test_class_method_is_refused
Library	python/tests/test_declaration_refusals.py::test_a_module_level_fixture_in_the_same_file_still_registers
Library	python/tests/test_declaration_refusals.py::test_a_non_test_named_class_is_descended_into
Library	python/tests/test_declaration_refusals.py::test_a_non_test_named_inline_fixture_still_registers
Library	python/tests/test_declaration_refusals.py::test_a_self_referential_class_does_not_recurse_forever
Library	python/tests/test_declaration_refusals.py::test_a_staticmethod_fixture_is_refused
Library	python/tests/test_declaration_refusals.py::test_a_test_named_declaration_home_fixture_is_not_refused
Library	python/tests/test_declaration_refusals.py::test_a_test_named_inline_fixture_is_refused
Library	python/tests/test_declaration_refusals.py::test_an_imported_class_is_not_refused_against_the_importing_module
Library	python/tests/test_diagnostic_collector.py::test_diagnostic_default_fields
Library	python/tests/test_diagnostic_collector.py::test_diagnostic_frozen_dataclass
Library	python/tests/test_diagnostic_collector.py::test_diagnostic_severity_values
Library	python/tests/test_diagnostic_collector.py::test_diagnostic_to_wire
Library	python/tests/test_diagnostic_collector.py::test_emit_diagnostic_appends_to_collector
Library	python/tests/test_diagnostic_collector.py::test_emit_diagnostic_with_location
Library	python/tests/test_diagnostic_collector.py::test_emit_diagnostic_without_collector_is_noop
Library	python/tests/test_diagnostic_collector.py::test_session_end_clears_diagnostic_collector
Library	python/tests/test_diagnostic_collector.py::test_session_sets_and_clears_diagnostic_collector
Library	python/tests/test_diagnostic_path_format.py::test_a_boundary_error_path_does_not_follow_a_chdir
Library	python/tests/test_diagnostic_path_format.py::test_a_sentinel_survives_a_working_directory_inside_the_rootdir
Library	python/tests/test_diagnostic_path_format.py::test_builtin_sentinel_is_returned_unchanged
Library	python/tests/test_diagnostic_path_format.py::test_cross_drive_failure_returns_the_path_unchanged
Library	python/tests/test_diagnostic_path_format.py::test_no_rootdir_returns_the_path_unchanged
Library	python/tests/test_diagnostic_path_format.py::test_path_outside_rootdir_stays_absolute
Library	python/tests/test_diagnostic_path_format.py::test_path_under_rootdir_is_relative
Library	python/tests/test_diagnostic_path_format.py::test_sentinel_is_returned_unchanged
Library	python/tests/test_diagnostic_path_format.py::test_the_fixture_tree_shows_an_origin_against_the_rootdir
Library	python/tests/test_diagnostic_path_format.py::test_two_paths_under_rootdir_stay_parallel
Library	python/tests/test_dispose_finding.py::test_a_missing_marker_returns_nothing	tooling
Library	python/tests/test_dispose_finding.py::test_a_thread_with_no_comments_is_skipped_not_crashed_on	tooling
Library	python/tests/test_dispose_finding.py::test_only_fixed_is_agent_resolvable	tooling
Library	python/tests/test_dispose_finding.py::test_the_reply_leads_with_the_verb	tooling
Library	python/tests/test_dispose_finding.py::test_the_script_is_executable_and_documents_itself	tooling
Library	python/tests/test_dispose_finding.py::test_the_script_rejects_an_unknown_verb_at_the_command_line	tooling
Library	python/tests/test_dispose_finding.py::test_the_thread_is_found_by_its_namespaced_marker	tooling
Library	python/tests/test_doctest_module_identity.py::test_a_path_that_does_not_exist_declines_rather_than_raising
Library	python/tests/test_doctest_module_identity.py::test_already_imported_matches_a_verbatim_spelled_path
Library	python/tests/test_doctest_module_identity.py::test_an_unusable_inode_declines_the_match
Library	python/tests/test_doctest_module_identity.py::test_collecting_a_builtin_module_adds_no_registry_duplicates
Library	python/tests/test_doctest_module_identity.py::test_collecting_a_builtin_via_a_verbatim_path_adds_no_duplicates
Library	python/tests/test_doctest_module_identity.py::test_collecting_a_module_outside_the_package_still_rewrites_asserts
Library	python/tests/test_doctest_module_identity.py::test_doctest_module_name_is_stable_for_equal_paths
Library	python/tests/test_doctest_module_identity.py::test_import_doctest_module_cleans_up_sys_modules_on_exec_failure
Library	python/tests/test_doctest_module_identity.py::test_import_doctest_module_ignores_a_synthetic_sys_modules_entry
Library	python/tests/test_doctest_module_identity.py::test_import_doctest_module_reuses_an_already_imported_module
Library	python/tests/test_doctest_module_identity.py::test_import_doctest_module_reuses_the_cached_module
Library	python/tests/test_doctest_module_identity.py::test_loading_a_builtin_module_for_doctests_adds_no_registry_duplicates
Library	python/tests/test_doctest_module_identity.py::test_module_cache_evict_clears_both_kinds
Library	python/tests/test_doctest_module_identity.py::test_module_cache_keeps_the_two_load_routes_apart
Library	python/tests/test_doctest_module_identity.py::test_the_doctest_route_reuses_a_builtin_given_a_verbatim_path
Library	python/tests/test_doctest_module_identity.py::test_two_files_sharing_a_basename_do_not_match
Library	python/tests/test_duration_clock.py::test_duration_sites_use_a_high_resolution_clock
Library	python/tests/test_duration_clock.py::test_perf_counter_is_no_coarser_than_monotonic
Library	python/tests/test_exception_handlers.py::test_check_warnings_excludes_captured_ids
Library	python/tests/test_exception_handlers.py::test_check_warnings_mixed
Library	python/tests/test_exception_handlers.py::test_check_warnings_no_warnings
Library	python/tests/test_exception_handlers.py::test_check_warnings_with_relevant_warning
Library	python/tests/test_exception_handlers.py::test_dispatch_assertion_error
Library	python/tests/test_exception_handlers.py::test_dispatch_base_exceptions_return_none
Library	python/tests/test_exception_handlers.py::test_dispatch_keyboard_interrupt
Library	python/tests/test_exception_handlers.py::test_dispatch_runtime_exception
Library	python/tests/test_exception_handlers.py::test_dispatch_skip_exception
Library	python/tests/test_executor_async.py::test_acquire_each_session_calls_backend_exactly_once
Library	python/tests/test_executor_async.py::test_acquire_each_session_registers_exactly_one_teardown
Library	python/tests/test_executor_async.py::test_acquire_each_session_returns_live_session
Library	python/tests/test_executor_async.py::test_acquire_each_session_teardown_closes_the_session
Library	python/tests/test_executor_async.py::test_acquire_each_session_with_real_asyncio_backend_end_to_end
Library	python/tests/test_executor_async.py::test_async_fixture_setup_error
Library	python/tests/test_executor_async.py::test_async_test_error
Library	python/tests/test_executor_async.py::test_async_test_fails
Library	python/tests/test_executor_async.py::test_async_test_passes
Library	python/tests/test_executor_async.py::test_async_test_skip
Library	python/tests/test_executor_async.py::test_async_test_warning
Library	python/tests/test_executor_async.py::test_async_test_with_async_fixture
Library	python/tests/test_executor_async.py::test_async_test_with_sync_fixture
Library	python/tests/test_executor_async.py::test_async_test_xfail
Library	python/tests/test_executor_async.py::test_async_test_xpass
Library	python/tests/test_executor_async.py::test_async_yield_fixture_provides_value
Library	python/tests/test_executor_async.py::test_async_yield_fixture_setup_error
Library	python/tests/test_executor_async.py::test_async_yield_fixture_teardown_error_warns
Library	python/tests/test_executor_async.py::test_async_yield_fixture_teardown_reverse_order
Library	python/tests/test_executor_async.py::test_async_yield_fixture_teardown_runs
Library	python/tests/test_executor_async.py::test_async_yield_fixture_teardown_runs_on_error
Library	python/tests/test_executor_async.py::test_async_yield_fixture_teardown_runs_on_failure
Library	python/tests/test_executor_async.py::test_non_shared_async_test_gets_own_loop
Library	python/tests/test_executor_async.py::test_shared_async_depending_on_non_shared_async_error
Library	python/tests/test_executor_async.py::test_shared_async_fixture_cached_across_tests
Library	python/tests/test_executor_async.py::test_shared_async_fixture_provides_value
Library	python/tests/test_executor_async.py::test_shared_async_stray_task_cleanup
Library	python/tests/test_executor_async.py::test_shared_async_yield_fixture_teardown_at_session_end
Library	python/tests/test_executor_async.py::test_sync_fixture_depending_on_async_fixture_error
Library	python/tests/test_executor_async.py::test_sync_test_with_async_fixture_produces_error
Library	python/tests/test_executor_async.py::test_sync_test_with_async_yield_fixture_produces_error
Library	python/tests/test_executor_async.py::test_task_group_fixture_basic
Library	python/tests/test_executor_async.py::test_task_group_fixture_cancels_on_test_end
Library	python/tests/test_executor_async.py::test_task_group_fixture_sync_test_error
Library	python/tests/test_executor_internals.py::test_bad_fn_name_returns_error
Library	python/tests/test_executor_internals.py::test_bad_module_path_returns_error
Library	python/tests/test_executor_internals.py::test_base_exception_not_exception_returns_none
Library	python/tests/test_executor_internals.py::test_compose_chains_left_to_right
Library	python/tests/test_executor_internals.py::test_compose_passes_through
Library	python/tests/test_executor_internals.py::test_compose_wraps_inner
Library	python/tests/test_executor_internals.py::test_frames_captured_on_assertion_error
Library	python/tests/test_executor_internals.py::test_frames_captured_on_runtime_exception
Library	python/tests/test_executor_internals.py::test_frames_empty_when_no_traceback
Library	python/tests/test_executor_internals.py::test_oxitest_assertion_no_rhs_gives_empty_right
Library	python/tests/test_executor_internals.py::test_oxitest_assertion_with_lhs_rhs_populates_fields
Library	python/tests/test_executor_internals.py::test_plain_assertion_no_message_gives_empty_message
Library	python/tests/test_executor_internals.py::test_plain_assertion_returns_failed
Library	python/tests/test_executor_internals.py::test_regular_exception_returns_error
Library	python/tests/test_executor_internals.py::test_repr_max_is_positive_int
Library	python/tests/test_executor_internals.py::test_repr_safe_truncates_long_string
Library	python/tests/test_executor_internals.py::test_skip_test_returns_skipped
Library	python/tests/test_executor_internals.py::test_skipped_exception_returns_skipped
Library	python/tests/test_executor_sync.py::test_assertion_operands
Library	python/tests/test_executor_sync.py::test_compact_parametrize_mixed_with_fixture
Library	python/tests/test_executor_sync.py::test_compact_parametrize_passes_whole_dataclass
Library	python/tests/test_executor_sync.py::test_error_exception
Library	python/tests/test_executor_sync.py::test_expanded_parametrize_still_works
Library	python/tests/test_executor_sync.py::test_expanded_parametrize_with_unrelated_annotation
Library	python/tests/test_executor_sync.py::test_failing_assertion_with_message
Library	python/tests/test_executor_sync.py::test_failing_bare_assertion
Library	python/tests/test_executor_sync.py::test_function_not_found_is_error
Library	python/tests/test_executor_sync.py::test_multiple_teardown_failures_all_reported
Library	python/tests/test_executor_sync.py::test_passing_function
Library	python/tests/test_executor_sync.py::test_passing_with_bare_assert_returns_no_message_lines
Library	python/tests/test_executor_sync.py::test_passing_with_message_assert_returns_empty_no_message_lines
Library	python/tests/test_executor_sync.py::test_run_test_fixture_setup_error_returns_error_result
Library	python/tests/test_executor_sync.py::test_run_test_fixture_teardown_runs_after_failure
Library	python/tests/test_executor_sync.py::test_run_test_missing_fixture_returns_error_result
Library	python/tests/test_executor_sync.py::test_run_test_with_fixture_injected
Library	python/tests/test_executor_sync.py::test_run_test_without_session_backward_compat
Library	python/tests/test_executor_sync.py::test_skipped_via_unittest
Library	python/tests/test_executor_sync.py::test_warn_teardown_emits_diagnostic
Library	python/tests/test_executor_sync.py::test_warn_teardown_includes_node_id
Library	python/tests/test_executor_sync.py::test_warn_teardown_picks_up_contextvar
Library	python/tests/test_executor_sync.py::test_warning_captured_as_warned_status
Library	python/tests/test_executor_sync.py::test_yield_fixture_teardown_exception_does_not_affect_test_result
Library	python/tests/test_executor_sync.py::test_yield_fixture_teardown_exception_does_not_block_next_teardown
Library	python/tests/test_executor_timeout.py::test_a_cancelled_slot_is_detected
Library	python/tests/test_executor_timeout.py::test_a_capped_deadline_is_the_one_enforced
Library	python/tests/test_executor_timeout.py::test_a_cleared_slot_is_detected_when_the_test_overruns
Library	python/tests/test_executor_timeout.py::test_a_fired_deadline_is_not_reported_as_taken
Library	python/tests/test_executor_timeout.py::test_a_fired_timer_whose_test_finished_reports_passed
Library	python/tests/test_executor_timeout.py::test_a_periodic_enclosing_timer_keeps_its_interval
Library	python/tests/test_executor_timeout.py::test_a_slow_async_teardown_is_not_cut_by_the_deadline
Library	python/tests/test_executor_timeout.py::test_a_taken_deadline_does_not_rewrite_a_failure
Library	python/tests/test_executor_timeout.py::test_a_taken_deadline_downgrades_a_pass_to_warned
Library	python/tests/test_executor_timeout.py::test_a_timeout_mark_wins_over_the_ambient_default
Library	python/tests/test_executor_timeout.py::test_ambient_default_becomes_the_effective_deadline
Library	python/tests/test_executor_timeout.py::test_an_arm_that_cannot_bound_blocking_calls_is_not_armed_for_async
Library	python/tests/test_executor_timeout.py::test_an_armed_arm_leaves_async_fixture_setup_outside_the_deadline
Library	python/tests/test_executor_timeout.py::test_an_async_taken_deadline_downgrades_a_pass_to_warned
Library	python/tests/test_executor_timeout.py::test_an_async_timeout_message_reports_the_capped_deadline
Library	python/tests/test_executor_timeout.py::test_an_unarmed_arm_leaves_async_fixture_setup_outside_the_deadline
Library	python/tests/test_executor_timeout.py::test_an_unarmed_async_wrapper_still_reports_a_timeout
Library	python/tests/test_executor_timeout.py::test_an_undisturbed_context_is_not_reported_as_taken
Library	python/tests/test_executor_timeout.py::test_async_test_default_timeout_fires
Library	python/tests/test_executor_timeout.py::test_async_test_does_not_arm_an_arm_that_cannot_bound_blocking_calls
Library	python/tests/test_executor_timeout.py::test_async_test_keeps_an_arm_that_can_bound_blocking_calls
Library	python/tests/test_executor_timeout.py::test_async_test_timeout_mark_fires
Library	python/tests/test_executor_timeout.py::test_async_test_timeout_passes_fast_test
Library	python/tests/test_executor_timeout.py::test_async_yield_fixture_teardown_runs_on_timeout
Library	python/tests/test_executor_timeout.py::test_both_arms_enforce_the_shorter_of_two_live_deadlines
Library	python/tests/test_executor_timeout.py::test_injection_after_exit_is_refused
Library	python/tests/test_executor_timeout.py::test_injection_while_active_still_fires
Library	python/tests/test_executor_timeout.py::test_nested_unix_context_caps_at_the_enclosing_remaining
Library	python/tests/test_executor_timeout.py::test_nested_unix_context_restores_the_enclosing_deadline
Library	python/tests/test_executor_timeout.py::test_no_timeout_anywhere_leaves_the_deadline_unset
Library	python/tests/test_executor_timeout.py::test_run_test_default_timeout_fires
Library	python/tests/test_executor_timeout.py::test_run_test_no_timeout_by_default
Library	python/tests/test_executor_timeout.py::test_run_test_timeout_mark_fires
Library	python/tests/test_executor_timeout.py::test_run_test_timeout_passes_fast_test
Library	python/tests/test_executor_timeout.py::test_sync_test_always_arms_even_when_blocking_calls_are_unbounded
Library	python/tests/test_executor_timeout.py::test_the_alarm_capability_decides_which_arm_the_platform_gets
Library	python/tests/test_executor_timeout.py::test_the_os_arm_leaves_wait_for_unarmed
Library	python/tests/test_executor_timeout.py::test_the_windows_arm_end_to_end_still_times_a_test_out
Library	python/tests/test_executor_timeout.py::test_timeout_message_names_the_armed_deadline_when_capped
Library	python/tests/test_executor_timeout.py::test_unaffected_unix_context_arms_what_it_was_asked
Library	python/tests/test_executor_timeout.py::test_unix_timeout_state_starts_idle
Library	python/tests/test_executor_timeout.py::test_wait_for_never_governs_a_deadline_on_linux
Library	python/tests/test_executor_timeout.py::test_windows_timeout_state_starts_idle
Library	python/tests/test_fixture_cache_stats.py::test_function_tier_counters_fold_at_test_dispose
Library	python/tests/test_fixture_cache_stats.py::test_get_cache_stats_shape
Library	python/tests/test_fixture_cache_stats.py::test_scope_hit_on_second_access
Library	python/tests/test_fixture_cache_stats.py::test_scope_miss_on_first_access
Library	python/tests/test_fixture_cache_stats.py::test_scope_multiple_fixtures_tracked_independently
Library	python/tests/test_fixture_decorator.py::test_autouse_defaults_to_false
Library	python/tests/test_fixture_decorator.py::test_autouse_is_recorded_on_the_marker
Library	python/tests/test_fixture_decorator.py::test_autouse_preserves_callable
Library	python/tests/test_fixture_decorator.py::test_decorator_preserves_callable
Library	python/tests/test_fixture_decorator.py::test_decorator_writes_marker_attribute
Library	python/tests/test_fixture_decorator.py::test_every_lifetime_tier_has_a_scope_mapping
Library	python/tests/test_fixture_decorator.py::test_module_lifetime_is_accepted
Library	python/tests/test_fixture_decorator.py::test_process_lifetime_is_accepted
Library	python/tests/test_fixture_decorator.py::test_unknown_lifetime_raises_value_error
Library	python/tests/test_fixture_def_module_source_props.py::test_declaration_path_property_returns_defining_module_path
Library	python/tests/test_fixture_def_module_source_props.py::test_func_property_returns_module_source_func
Library	python/tests/test_fixture_def_module_source_props.py::test_module_source_exposes_its_anchor_and_other_sources_do_not
Library	python/tests/test_fixture_def_module_source_props.py::test_package_fixture_is_visible_from_a_descendant_package
Library	python/tests/test_fixture_instantiator.py::test_a_fixture_cannot_reach_a_dependency_below_its_own_anchor
Library	python/tests/test_fixture_instantiator.py::test_ambiguous_fixture_error_lists_candidates
Library	python/tests/test_fixture_instantiator.py::test_boundary_switches_to_the_fixture_anchor_and_stops_at_unanchored_sources
Library	python/tests/test_fixture_instantiator.py::test_broad_fixture_type_error
Library	python/tests/test_fixture_instantiator.py::test_resolve_by_source_plugin
Library	python/tests/test_fixture_instantiator.py::test_resolve_cycle_raises
Library	python/tests/test_fixture_instantiator.py::test_resolve_not_found_raises
Library	python/tests/test_fixture_instantiator.py::test_resolve_param_by_type_not_name
Library	python/tests/test_fixture_instantiator.py::test_resolve_param_prefers_param_name_over_type_resolved_name
Library	python/tests/test_fixture_instantiator.py::test_resolve_param_type_and_name_both_miss
Library	python/tests/test_fixture_instantiator.py::test_resolve_param_type_miss_name_fallback
Library	python/tests/test_fixture_instantiator.py::test_resolve_shared_uses_scope_refs
Library	python/tests/test_fixture_instantiator.py::test_resolve_simple_fixture
Library	python/tests/test_fixture_instantiator.py::test_timing_recorded
Library	python/tests/test_fixture_lister.py::test_tree_cycle_detection
Library	python/tests/test_fixture_lister.py::test_tree_diamond
Library	python/tests/test_fixture_lister.py::test_tree_empty_registry_shows_builtins
Library	python/tests/test_fixture_lister.py::test_tree_keyword_filter
Library	python/tests/test_fixture_lister.py::test_tree_linear_chain
Library	python/tests/test_fixture_lister.py::test_tree_single_no_deps
Library	python/tests/test_fixture_lister.py::test_tree_verbosity_1_shows_tags
Library	python/tests/test_fixture_lister.py::test_tree_verbosity_2_shows_origin
Library	python/tests/test_fixture_outcome.py::test_fixture_outcome_variants
Library	python/tests/test_fixture_outcome.py::test_start_registers_the_teardown_before_running_the_body
Library	python/tests/test_fixture_outcome.py::test_teardown_of_an_unstarted_generator_is_a_no_op
Library	python/tests/test_fixture_outcome.py::test_unpack_sync_does_not_advance_the_generator
Library	python/tests/test_fixture_outcome.py::test_unpack_sync_generator
Library	python/tests/test_fixture_outcome.py::test_unpack_sync_generator_teardown_captures_exception
Library	python/tests/test_fixture_outcome.py::test_unpack_sync_plain_value
Library	python/tests/test_fixture_registry.py::test_a_builtin_type_entry_resolves_to_its_private_impl_name
Library	python/tests/test_fixture_registry.py::test_a_conftest_chain_reports_consecutive_pairs_only
Library	python/tests/test_fixture_registry.py::test_a_package_declaration_reports_every_module_below_its_anchor
Library	python/tests/test_fixture_registry.py::test_a_plugin_type_entry_resolves_however_the_author_named_the_fixture
Library	python/tests/test_fixture_registry.py::test_a_spanning_declaration_clashes_with_every_disjoint_prior
Library	python/tests/test_fixture_registry.py::test_an_anchored_shadower_reports_the_subtree_it_shadows_within
Library	python/tests/test_fixture_registry.py::test_an_inline_declaration_reports_only_its_own_module
Library	python/tests/test_fixture_registry.py::test_an_unanchored_module_tier_def_reports_nothing
Library	python/tests/test_fixture_registry.py::test_an_unanchored_shadower_reports_no_subtree
Library	python/tests/test_fixture_registry.py::test_an_unregistered_type_name_is_refused
Library	python/tests/test_fixture_registry.py::test_anchored_autouse_not_yielded_outside_boundary
Library	python/tests/test_fixture_registry.py::test_arranged_fixture_groups_ignores_the_lifetime_tier
Library	python/tests/test_fixture_registry.py::test_autouse_enumeration_and_resolution_agree_on_multi_def_names
Library	python/tests/test_fixture_registry.py::test_autouse_fires_widest_lifetime_first
Library	python/tests/test_fixture_registry.py::test_autouse_full_catalog_mode_uses_last_registered
Library	python/tests/test_fixture_registry.py::test_autouse_index_ignores_names_with_no_autouse_def
Library	python/tests/test_fixture_registry.py::test_autouse_order_is_stable_within_a_tier
Library	python/tests/test_fixture_registry.py::test_autouse_ranks_the_session_scope_between_process_and_package
Library	python/tests/test_fixture_registry.py::test_autouse_suppression_by_an_anchored_def_is_boundary_local
Library	python/tests/test_fixture_registry.py::test_disjoint_inline_anchors_emit_no_shadow_notice
Library	python/tests/test_fixture_registry.py::test_disjoint_package_anchors_emit_no_shadow_notice
Library	python/tests/test_fixture_registry.py::test_fixture_def_has_namespace_field
Library	python/tests/test_fixture_registry.py::test_fixture_def_namespace_defaults_to_empty
Library	python/tests/test_fixture_registry.py::test_fixture_not_found_error_with_namespace
Library	python/tests/test_fixture_registry.py::test_fixture_not_found_error_without_namespace
Library	python/tests/test_fixture_registry.py::test_many_disjoint_inline_declarations_stay_silent
Library	python/tests/test_fixture_registry.py::test_module_lifetime_names_lists_only_the_module_tier
Library	python/tests/test_fixture_registry.py::test_module_source_declarations_excludes_non_module_sources
Library	python/tests/test_fixture_registry.py::test_module_source_declarations_excludes_other_files
Library	python/tests/test_fixture_registry.py::test_module_source_declarations_reports_name_lifetime_and_lineno
Library	python/tests/test_fixture_registry.py::test_module_source_declarations_sees_a_shadowed_declaration
Library	python/tests/test_fixture_registry.py::test_namespace_visibility_and_anchors_are_separate_queries
Library	python/tests/test_fixture_registry.py::test_nested_anchors_resolve_to_the_deepest_visible_one
Library	python/tests/test_fixture_registry.py::test_notice_says_autouse_was_suppressed
Library	python/tests/test_fixture_registry.py::test_notice_stays_quiet_when_no_autouse_is_lost
Library	python/tests/test_fixture_registry.py::test_plugin_module_source_declaration_path_names_the_plugin
Library	python/tests/test_fixture_registry.py::test_plugin_module_source_exposes_its_callable
Library	python/tests/test_fixture_registry.py::test_plugin_module_source_is_b1_exempt
Library	python/tests/test_fixture_registry.py::test_plugin_module_source_is_visible_from_any_module
Library	python/tests/test_fixture_registry.py::test_plugin_module_source_loses_to_the_shallowest_user_declaration
Library	python/tests/test_fixture_registry.py::test_plugin_module_source_renders_in_query_output
Library	python/tests/test_fixture_registry.py::test_plugin_module_source_scores_zero_in_the_shadow_order
Library	python/tests/test_fixture_registry.py::test_register_duplicate_name_warns
Library	python/tests/test_fixture_registry.py::test_register_first_fixture_no_shadow_diagnostic
Library	python/tests/test_fixture_registry.py::test_register_returns_empty_for_typed_fixture
Library	python/tests/test_fixture_registry.py::test_register_returns_violation_for_untyped_fixture
Library	python/tests/test_fixture_registry.py::test_register_same_conftest_no_shadow_diagnostic
Library	python/tests/test_fixture_registry.py::test_registry_all_defs_returns_all_entries
Library	python/tests/test_fixture_registry.py::test_registry_all_defs_returns_empty_for_unknown
Library	python/tests/test_fixture_registry.py::test_registry_contains_registered_name
Library	python/tests/test_fixture_registry.py::test_registry_contains_returns_false_for_unknown
Library	python/tests/test_fixture_registry.py::test_registry_get_autouse_empty
Library	python/tests/test_fixture_registry.py::test_registry_get_autouse_returns_only_autouse
Library	python/tests/test_fixture_registry.py::test_registry_get_in_namespace_ignores_other_namespace
Library	python/tests/test_fixture_registry.py::test_registry_get_in_namespace_returns_matching_def
Library	python/tests/test_fixture_registry.py::test_registry_get_in_namespace_returns_none_when_missing
Library	python/tests/test_fixture_registry.py::test_registry_get_returns_none_for_unknown
Library	python/tests/test_fixture_registry.py::test_registry_has_namespace_empty_registry
Library	python/tests/test_fixture_registry.py::test_registry_has_namespace_false
Library	python/tests/test_fixture_registry.py::test_registry_has_namespace_true
Library	python/tests/test_fixture_registry.py::test_registry_iter_empty
Library	python/tests/test_fixture_registry.py::test_registry_iter_yields_registered_names
Library	python/tests/test_fixture_registry.py::test_registry_most_local_wins
Library	python/tests/test_fixture_registry.py::test_registry_override_precedence
Library	python/tests/test_fixture_registry.py::test_registry_register_and_get
Library	python/tests/test_fixture_registry.py::test_registry_resolve_ambiguous_no_match
Library	python/tests/test_fixture_registry.py::test_registry_resolve_by_type_ambiguous_with_qualifier
Library	python/tests/test_fixture_registry.py::test_registry_resolve_by_type_unique
Library	python/tests/test_fixture_registry.py::test_registry_resolve_no_match
Library	python/tests/test_fixture_registry.py::test_same_basename_siblings_resolve_to_their_own_anchor
Library	python/tests/test_fixture_registry.py::test_the_nearer_package_is_named_as_the_shadower
Library	python/tests/test_fixture_registry.py::test_unanchored_autouse_yielded_regardless_of_module_path
Library	python/tests/test_fixture_registry.py::test_unanchored_defs_keep_last_registered_wins
Library	python/tests/test_fixture_scope.py::test_fixture_scope_resets_on_exception
Library	python/tests/test_fixture_scope.py::test_fixture_scope_sets_and_resets_context
Library	python/tests/test_fixture_scope.py::test_fixture_scope_uses_own_teardowns_when_no_parent
Library	python/tests/test_fixture_scope.py::test_fixture_scope_uses_parent_teardowns_when_nested
Library	python/tests/test_fixture_session.py::test_a_conftest_only_namespace_never_produces_a_boundary_error
Library	python/tests/test_fixture_session.py::test_a_mixed_namespace_reports_not_found_inside_the_anchor
Library	python/tests/test_fixture_session.py::test_a_mixed_namespace_still_reports_a_crossed_boundary
Library	python/tests/test_fixture_session.py::test_cross_boundary_resolution_raises_rather_than_reporting_not_found
Library	python/tests/test_fixture_session.py::test_empty_session_returns_empty_timings
Library	python/tests/test_fixture_session.py::test_error_type_is_a_function_of_the_segment
Library	python/tests/test_fixture_session.py::test_get_fixture_by_type_raises_on_unknown_type
Library	python/tests/test_fixture_session.py::test_get_fixture_by_type_resolves_builtin
Library	python/tests/test_fixture_session.py::test_get_fixture_by_type_resolves_conftest_fixture
Library	python/tests/test_fixture_session.py::test_get_fixture_by_type_resolves_plugin_fixture
Library	python/tests/test_fixture_session.py::test_get_fixture_by_type_resolves_session_scoped_builtin
Library	python/tests/test_fixture_session.py::test_multiple_fixtures_each_tracked_separately
Library	python/tests/test_fixture_session.py::test_register_plugin_fixtures_empty_registry_is_noop
Library	python/tests/test_fixture_session.py::test_register_plugin_fixtures_respects_autouse
Library	python/tests/test_fixture_session.py::test_register_plugin_fixtures_stamps_correct_fields
Library	python/tests/test_fixture_session.py::test_session_builtins_registered
Library	python/tests/test_fixture_session.py::test_session_conftest_overrides_builtin
Library	python/tests/test_fixture_session.py::test_session_plugin_without_scope_autouse
Library	python/tests/test_fixture_session.py::test_session_protocol_declares_get_fixture_by_type
Library	python/tests/test_fixture_session.py::test_setup_timing_recorded_for_function_scoped_fixture
Library	python/tests/test_fixture_session.py::test_shared_fixture_setup_timed_once
Library	python/tests/test_fixture_session.py::test_teardown_timing_recorded_for_yield_fixture
Library	python/tests/test_fixture_session_lifecycle.py::test_addfinalizer_runs_in_teardown
Library	python/tests/test_fixture_session_lifecycle.py::test_anchored_autouse_fires_inside_boundary
Library	python/tests/test_fixture_session_lifecycle.py::test_anchored_autouse_out_of_boundary_neither_fires_nor_raises
Library	python/tests/test_fixture_session_lifecycle.py::test_autouse_not_double_invoked_when_explicitly_requested
Library	python/tests/test_fixture_session_lifecycle.py::test_autouse_runs_side_effects_without_being_in_kwargs
Library	python/tests/test_fixture_session_lifecycle.py::test_autouse_teardown_still_runs
Library	python/tests/test_fixture_session_lifecycle.py::test_dag_fixture_depending_on_fixture
Library	python/tests/test_fixture_session_lifecycle.py::test_fixture_dep_resolved_via_annotation
Library	python/tests/test_fixture_session_lifecycle.py::test_fixture_marker_param_resolved_by_name
Library	python/tests/test_fixture_session_lifecycle.py::test_fixture_test_context_injected_directly
Library	python/tests/test_fixture_session_lifecycle.py::test_function_scope_new_instance_per_resolve
Library	python/tests/test_fixture_session_lifecycle.py::test_non_fixture_param_ignored_by_resolver
Library	python/tests/test_fixture_session_lifecycle.py::test_setup_error_raises_fixture_setup_error
Library	python/tests/test_fixture_session_lifecycle.py::test_yield_fixture_function_scope_teardown
Library	python/tests/test_fixture_type.py::test_bare_fixture_is_not_annotated
Library	python/tests/test_fixture_type.py::test_fixture_inner_type_detects_injectable
Library	python/tests/test_fixture_type.py::test_fixture_inner_type_ignores_plain_class
Library	python/tests/test_fixture_type.py::test_fixture_ref_database_is_annotated
Library	python/tests/test_fixture_type.py::test_fixture_ref_exported_from_oxitest
Library	python/tests/test_fixture_type.py::test_fixture_ref_marker_distinct_from_fixture_marker
Library	python/tests/test_fixture_type.py::test_fixture_scope_values
Library	python/tests/test_fixture_type.py::test_fixture_type_is_annotated
Library	python/tests/test_fixture_type.py::test_fixture_wrapper_on_injectable_still_works
Library	python/tests/test_fixture_type.py::test_get_type_hints_detects_fixture_marker
Library	python/tests/test_fixture_type.py::test_injectable_returns_the_class_unchanged
Library	python/tests/test_fixture_type.py::test_injectable_stamps_attribute
Library	python/tests/test_fixture_type.py::test_source_variant_stores_fields
Library	python/tests/test_fixture_type.py::test_two_fixture_markers_are_independent
Library	python/tests/test_fixture_type.py::test_two_fixture_ref_markers_are_independent
Library	python/tests/test_fixture_type.py::test_yields_does_not_carry_fixture_marker
Library	python/tests/test_fixture_type.py::test_yields_produces_generator_annotation
Library	python/tests/test_fixture_validator.py::test_find_unused_detects_unreferenced
Library	python/tests/test_fixture_validator.py::test_find_unused_excludes_autouse
Library	python/tests/test_fixture_validator.py::test_find_unused_excludes_transitive_deps
Library	python/tests/test_fixture_validator.py::test_validate_builtin_qualifier_not_flagged
Library	python/tests/test_fixture_validator.py::test_validate_fixref_names_excluded
Library	python/tests/test_fixture_validator.py::test_validate_invalid_name_returns_error
Library	python/tests/test_fixture_validator.py::test_validate_mixed_valid_and_invalid
Library	python/tests/test_fixture_validator.py::test_validate_valid_names_returns_empty
Library	python/tests/test_fixtures_redesign_slice10.py::test_a_user_declaration_colliding_with_a_plugin_does_not_raise
Library	python/tests/test_fixtures_redesign_slice10.py::test_assigning_the_plugin_registry_registers_providers_exactly_once
Library	python/tests/test_fixtures_redesign_slice10.py::test_declared_autouse_names_are_carried
Library	python/tests/test_fixtures_redesign_slice10.py::test_declared_but_disabled_autouse_emits_a_notice
Library	python/tests/test_fixtures_redesign_slice10.py::test_declared_namespace_overrides_the_module_name
Library	python/tests/test_fixtures_redesign_slice10.py::test_disabled_async_autouse_function_fixture_is_allowed
Library	python/tests/test_fixtures_redesign_slice10.py::test_enabled_async_autouse_function_fixture_is_refused
Library	python/tests/test_fixtures_redesign_slice10.py::test_keyword_namespace_is_refused
Library	python/tests/test_fixtures_redesign_slice10.py::test_namespace_defaults_to_the_module_name
Library	python/tests/test_fixtures_redesign_slice10.py::test_notices_are_suppressed_for_workers
Library	python/tests/test_fixtures_redesign_slice10.py::test_package_without_a_fixtures_file_is_not_a_home
Library	python/tests/test_fixtures_redesign_slice10.py::test_plugin_autouse_fires_once_the_user_enables_it
Library	python/tests/test_fixtures_redesign_slice10.py::test_plugin_autouse_is_inert_until_the_user_enables_it
Library	python/tests/test_fixtures_redesign_slice10.py::test_plugin_fixture_is_attributed_to_its_plugin_in_the_listing
Library	python/tests/test_fixtures_redesign_slice10.py::test_plugin_module_lifetime_is_accepted
Library	python/tests/test_fixtures_redesign_slice10.py::test_plugin_package_lifetime_is_refused
Library	python/tests/test_fixtures_redesign_slice10.py::test_plugin_process_lifetime_is_accepted
Library	python/tests/test_fixtures_redesign_slice10.py::test_reserved_oxi_namespace_is_refused
Library	python/tests/test_fixtures_redesign_slice10.py::test_single_module_plugin_declaring_namespace_emits_a_notice
Library	python/tests/test_fixtures_redesign_slice10.py::test_two_plugins_claiming_one_namespace_are_refused
Library	python/tests/test_fixtures_redesign_slice10.py::test_worker_activation_registers_each_provider_once
Library	python/tests/test_fixtures_redesign_slice7.py::test_no_builtin_is_reachable_by_shortcut
Library	python/tests/test_fixtures_repurposed.py::test_calling_the_fixtures_type_raises_a_migration_error
Library	python/tests/test_fn_metadata.py::test_different_functions_get_independent_metadata
Library	python/tests/test_fn_metadata.py::test_get_metadata_returns_default_for_unknown_function
Library	python/tests/test_fn_metadata.py::test_get_metadata_returns_registered_metadata
Library	python/tests/test_fn_metadata.py::test_get_or_create_creates_on_first_access
Library	python/tests/test_fn_metadata.py::test_get_or_create_returns_same_instance
Library	python/tests/test_fn_metadata.py::test_mutations_persist_across_calls
Library	python/tests/test_importer.py::test_apply_module_marks_empty_list_is_noop
Library	python/tests/test_importer.py::test_apply_module_marks_non_conflicting_added
Library	python/tests/test_importer.py::test_apply_module_marks_per_test_overrides_same_name
Library	python/tests/test_importer.py::test_apply_module_marks_prepends_to_unmarked_fn
Library	python/tests/test_importer.py::test_check_fn_violations_class_method_dict_parametrize
Library	python/tests/test_importer.py::test_check_fn_violations_class_method_missing_mark_reason
Library	python/tests/test_importer.py::test_collect_async_class_method_sets_is_async
Library	python/tests/test_importer.py::test_collect_async_function_sets_is_async
Library	python/tests/test_importer.py::test_collect_class_methods_use_qualified_name
Library	python/tests/test_importer.py::test_collect_class_methods_with_arrange_propagation
Library	python/tests/test_importer.py::test_collect_class_skip_propagated
Library	python/tests/test_importer.py::test_collect_empty_module
Library	python/tests/test_importer.py::test_collect_error_message_is_clean_traceback_not_testrepr
Library	python/tests/test_importer.py::test_collect_extracts_marker_names
Library	python/tests/test_importer.py::test_collect_extracts_multiple_markers
Library	python/tests/test_importer.py::test_collect_ignores_non_test_functions
Library	python/tests/test_importer.py::test_collect_items_returns_collected_items
Library	python/tests/test_importer.py::test_collect_mixed_sync_async
Library	python/tests/test_importer.py::test_collect_module_oxi_mark_applies_to_class_methods
Library	python/tests/test_importer.py::test_collect_module_oxi_mark_invalid_entry_violation
Library	python/tests/test_importer.py::test_collect_module_oxi_mark_per_test_override
Library	python/tests/test_importer.py::test_collect_module_oxi_mark_with_parametrize
Library	python/tests/test_importer.py::test_collect_module_with_oxi_mark_list
Library	python/tests/test_importer.py::test_collect_module_with_oxi_mark_single
Library	python/tests/test_importer.py::test_collect_multiple_functions
Library	python/tests/test_importer.py::test_collect_raises_on_missing_file
Library	python/tests/test_importer.py::test_collect_single_test_function
Library	python/tests/test_importer.py::test_collect_sync_function_sets_is_async_false
Library	python/tests/test_importer.py::test_collect_violations_assert_with_message_no_violation
Library	python/tests/test_importer.py::test_collect_violations_bare_assert_now_rust_side
Library	python/tests/test_importer.py::test_collect_violations_false_when_disabled
Library	python/tests/test_importer.py::test_collect_violations_nested_helper_no_false_positive
Library	python/tests/test_importer.py::test_collected_item_can_be_constructed
Library	python/tests/test_importer.py::test_collected_item_with_markers_and_param
Library	python/tests/test_importer.py::test_collector_error_emits_diagnostic
Library	python/tests/test_importer.py::test_extract_module_marks_invalid_entry
Library	python/tests/test_importer.py::test_extract_module_marks_list
Library	python/tests/test_importer.py::test_extract_module_marks_none_returns_empty
Library	python/tests/test_importer.py::test_extract_module_marks_single_mark
Library	python/tests/test_importer.py::test_extract_module_marks_tuple
Library	python/tests/test_importer.py::test_get_fixture_deps_includes_builtins
Library	python/tests/test_importer.py::test_get_fixture_deps_returns_qualifier_and_type
Library	python/tests/test_importer.py::test_get_fixture_deps_skips_non_fixture
Library	python/tests/test_importer.py::test_get_fixture_deps_skips_return_annotation
Library	python/tests/test_importer.py::test_good_collector_adds_items_no_diagnostics
Library	python/tests/test_importer.py::test_module_mark_skip_when_false_in_list_no_violation
Library	python/tests/test_importer.py::test_module_mark_skip_when_false_no_violation
Library	python/tests/test_importer.py::test_module_mark_skip_when_true_applies
Library	python/tests/test_importer.py::test_module_members_yields_test_functions_only
Library	python/tests/test_importer.py::test_non_collected_item_emits_diagnostic
Library	python/tests/test_importer.py::test_propagate_class_marks_copies_all_marks
Library	python/tests/test_importer.py::test_propagate_class_marks_copies_custom_mark
Library	python/tests/test_importer.py::test_propagate_class_marks_copies_skip
Library	python/tests/test_importer.py::test_propagate_class_marks_copies_timeout
Library	python/tests/test_importer.py::test_propagate_class_metadata_copies_arranged
Library	python/tests/test_importorskip.py::test_importorskip_custom_reason
Library	python/tests/test_importorskip.py::test_importorskip_exported_from_oxitest
Library	python/tests/test_importorskip.py::test_importorskip_returns_module
Library	python/tests/test_importorskip.py::test_importorskip_skip_reason_mentions_module_name
Library	python/tests/test_importorskip.py::test_importorskip_skips_missing_module
Library	python/tests/test_internal_frame_filter.py::test_internal_frame_detection
Library	python/tests/test_lifetime_enum.py::test_lifetime_declares_all_four_tiers
Library	python/tests/test_lifetime_enum.py::test_lifetime_string_lookup
Library	python/tests/test_lifetime_enum.py::test_lifetime_values_are_lowercased_names
Library	python/tests/test_loader.py::test_load_module_raises_load_error_on_bad_path
Library	python/tests/test_loader.py::test_load_module_raises_load_error_on_syntax_error
Library	python/tests/test_loader.py::test_load_module_returns_module_with_function
Library	python/tests/test_loader.py::test_resolve_fn_handles_class_method
Library	python/tests/test_loader.py::test_resolve_fn_raises_load_error_on_missing_function
Library	python/tests/test_loader.py::test_resolve_fn_returns_callable
Library	python/tests/test_markers.py::test_all_builtin_handlers_registered
Library	python/tests/test_markers.py::test_append_mark_creates_list_on_first_call
Library	python/tests/test_markers.py::test_append_mark_stacks_multiple_marks
Library	python/tests/test_markers.py::test_each_handler_has_mark_name_class_attr
Library	python/tests/test_markers.py::test_evaluate_marks_dispatches_plugin_handlers
Library	python/tests/test_markers.py::test_evaluate_marks_returns_proceed_when_empty
Library	python/tests/test_markers.py::test_evaluate_marks_skip_returns_short_circuit
Library	python/tests/test_markers.py::test_exc_type_absent_on_pass
Library	python/tests/test_markers.py::test_exc_type_populated_on_assertion_error
Library	python/tests/test_markers.py::test_exc_type_populated_on_runtime_error
Library	python/tests/test_markers.py::test_handler_with_unknown_mark_name_not_in_registry
Library	python/tests/test_markers.py::test_mark_attribute_callable_without_error
Library	python/tests/test_markers.py::test_mark_bare_decorator_stamps_function
Library	python/tests/test_markers.py::test_mark_executor_result
Library	python/tests/test_markers.py::test_mark_info_stores_name_args_kwargs
Library	python/tests/test_markers.py::test_mark_parameterised_decorator_stores_args
Library	python/tests/test_markers.py::test_mark_pass_through_is_inert
Library	python/tests/test_markers.py::test_mark_skip_when_true_stores_via_decorator
Library	python/tests/test_markers.py::test_mark_stacking_two_decorators
Library	python/tests/test_markers.py::test_mark_used_as_decorator_returns_function
Library	python/tests/test_markers.py::test_mark_xfail_stores_strict_false
Library	python/tests/test_markers.py::test_marker_composition_skip_takes_precedence_over_others
Library	python/tests/test_markers.py::test_plugin_mark_handler_wraps_correctly
Library	python/tests/test_markers.py::test_registered_handlers_are_mark_handler_instances
Library	python/tests/test_markers.py::test_skip_handler_returns_short_circuit
Library	python/tests/test_markers.py::test_skip_mark_bare_still_works
Library	python/tests/test_markers.py::test_skip_mark_empty_parens_same_as_bare
Library	python/tests/test_markers.py::test_skip_mark_reason_only
Library	python/tests/test_markers.py::test_skip_mark_rejects_positional_args
Library	python/tests/test_markers.py::test_skip_mark_rejects_unknown_kwargs
Library	python/tests/test_markers.py::test_skip_mark_when_false_does_not_attach
Library	python/tests/test_markers.py::test_skip_mark_when_true_attaches_mark
Library	python/tests/test_markers.py::test_skip_no_reason
Library	python/tests/test_markers.py::test_skip_raises_skip_test
Library	python/tests/test_markers.py::test_skip_when_false_not_in_marks
Library	python/tests/test_markers.py::test_stacked_timeout_marks_are_refused_at_decoration
Library	python/tests/test_markers.py::test_timeout_handler_returns_wrapper
Library	python/tests/test_markers.py::test_timeout_handler_wrapper_passes_fast_test
Library	python/tests/test_markers.py::test_timeout_handler_wrapper_returns_timeout_on_expiry
Library	python/tests/test_markers.py::test_timeout_mark_rejects_invalid_seconds
Library	python/tests/test_markers.py::test_timeout_mark_stores_seconds
Library	python/tests/test_markers.py::test_xfail_handler_returns_wrapper
Library	python/tests/test_markers.py::test_xfail_wrapper_converts_failed_to_xfailed
Library	python/tests/test_markers.py::test_xfail_wrapper_converts_passed_to_xpassed
Library	python/tests/test_markers.py::test_xfail_wrapper_passes_through_skipped
Library	python/tests/test_middleware.py::test_async_drain_runs_a_generator_that_reached_its_yield
Library	python/tests/test_middleware.py::test_async_drain_skips_a_generator_whose_setup_never_completed
Library	python/tests/test_middleware.py::test_build_pipeline_no_middlewares
Library	python/tests/test_middleware.py::test_build_pipeline_ordering
Library	python/tests/test_middleware.py::test_build_pipeline_single_middleware
Library	python/tests/test_middleware.py::test_build_pipeline_skip_middleware_is_noop
Library	python/tests/test_middleware_pipeline.py::test_async_test_arrange_appends_session_run_middleware
Library	python/tests/test_middleware_pipeline.py::test_async_test_fresh_appends_async_bridge
Library	python/tests/test_middleware_pipeline.py::test_async_test_shared_appends_session_run_middleware
Library	python/tests/test_middleware_pipeline.py::test_sync_test_omits_session_middleware
Library	python/tests/test_middleware_pipeline.py::test_timeout_order_is_between_post_guard_and_pre_session
Library	python/tests/test_middleware_pipeline.py::test_timeout_set_reaches_middleware
Library	python/tests/test_module_cache.py::test_module_loaded_once_first_test
Library	python/tests/test_module_cache.py::test_module_loaded_once_second_test
Library	python/tests/test_module_identity.py::test_a_dotted_registration_is_not_reused_as_canonical
Library	python/tests/test_module_identity.py::test_a_failed_load_leaves_no_entry_when_it_displaced_nothing
Library	python/tests/test_module_identity.py::test_a_failed_load_restores_a_displaced_module
Library	python/tests/test_module_identity.py::test_a_keyword_directory_keeps_its_relative_imports
Library	python/tests/test_module_identity.py::test_a_session_without_a_rootdir_reports_none
Library	python/tests/test_module_identity.py::test_a_spec_built_name_emits_no_mismatch_warning
Library	python/tests/test_module_identity.py::test_a_spec_name_becomes_the_module_identity
Library	python/tests/test_module_identity.py::test_adopts_a_name_that_round_trips
Library	python/tests/test_module_identity.py::test_both_load_routes_agree_on_the_identity
Library	python/tests/test_module_identity.py::test_declines_a_path_segment_that_is_not_an_identifier
Library	python/tests/test_module_identity.py::test_declines_an_init_file
Library	python/tests/test_module_identity.py::test_declines_outside_the_rootdir
Library	python/tests/test_module_identity.py::test_declines_when_another_sys_path_entry_owns_the_name
Library	python/tests/test_module_identity.py::test_declines_when_the_rootdir_is_not_importable
Library	python/tests/test_module_identity.py::test_declines_without_a_rootdir
Library	python/tests/test_module_identity.py::test_evicting_the_cache_removes_the_dotted_registration
Library	python/tests/test_module_identity.py::test_eviction_leaves_a_name_another_module_has_claimed
Library	python/tests/test_module_identity.py::test_no_spec_name_keeps_todays_behaviour
Library	python/tests/test_module_identity.py::test_the_check_imports_nothing
Library	python/tests/test_module_identity.py::test_the_collect_route_gives_the_module_a_dotted_name
Library	python/tests/test_module_identity.py::test_the_memo_does_not_outlive_a_sys_path_change
Library	python/tests/test_module_identity.py::test_the_owner_lookup_is_memoized_per_sys_path
Library	python/tests/test_module_identity.py::test_the_session_retains_the_rootdir
Library	python/tests/test_module_lifetime_scope.py::test_distinct_instances_across_modules
Library	python/tests/test_module_lifetime_scope.py::test_end_module_drains_teardowns
Library	python/tests/test_module_lifetime_scope.py::test_end_module_is_idempotent_for_unknown_paths
Library	python/tests/test_module_lifetime_scope.py::test_end_module_pops_the_scope
Library	python/tests/test_module_lifetime_scope.py::test_failing_module_teardown_does_not_abort_the_drain
Library	python/tests/test_module_lifetime_scope.py::test_function_lifetime_still_uncached
Library	python/tests/test_module_lifetime_scope.py::test_module_fixture_may_depend_on_another_module_fixture
Library	python/tests/test_module_lifetime_scope.py::test_one_instance_per_module_path
Library	python/tests/test_module_lifetime_scope.py::test_same_short_name_in_two_namespaces_stays_distinct
Library	python/tests/test_module_source_dispatch.py::test_fixture_registry_and_source_types_referenced_by_instantiator
Library	python/tests/test_module_source_dispatch.py::test_instantiator_module_imports
Library	python/tests/test_module_source_registrar.py::test_a_conftest_declaration_still_clashes_with_any_anchor
Library	python/tests/test_module_source_registrar.py::test_a_package_home_may_still_declare_package_lifetime
Library	python/tests/test_module_source_registrar.py::test_a_symlinked_file_still_registers_as_an_inline_declaration
Library	python/tests/test_module_source_registrar.py::test_async_autouse_and_cap_violations_report_together
Library	python/tests/test_module_source_registrar.py::test_async_autouse_is_permitted_above_function_lifetime
Library	python/tests/test_module_source_registrar.py::test_async_function_autouse_is_refused
Library	python/tests/test_module_source_registrar.py::test_autouse_marker_reaches_the_fixture_def
Library	python/tests/test_module_source_registrar.py::test_collision_with_conftest_source_is_loud
Library	python/tests/test_module_source_registrar.py::test_declared_lifetime_reaches_fixture_def_scope
Library	python/tests/test_module_source_registrar.py::test_disjoint_subtrees_may_share_a_namespace_and_name
Library	python/tests/test_module_source_registrar.py::test_inline_cap_message_names_the_sibling_fixtures_home
Library	python/tests/test_module_source_registrar.py::test_inline_cap_violations_accumulate_into_one_error
Library	python/tests/test_module_source_registrar.py::test_inline_declaration_may_not_declare_package_lifetime
Library	python/tests/test_module_source_registrar.py::test_inline_declaration_may_not_declare_process_lifetime
Library	python/tests/test_module_source_registrar.py::test_nested_anchors_sharing_a_namespace_and_name_are_rejected
Library	python/tests/test_module_source_registrar.py::test_registers_decorated_functions
Library	python/tests/test_module_source_registrar.py::test_skips_undecorated_functions
Library	python/tests/test_module_source_registrar.py::test_sync_function_autouse_is_untouched_by_the_guard
Library	python/tests/test_module_source_variant.py::test_fixture_source_union_includes_module_source
Library	python/tests/test_module_source_variant.py::test_module_source_carries_all_four_fields
Library	python/tests/test_namespace_validation.py::test_keywords_are_rejected_as_such
Library	python/tests/test_namespace_validation.py::test_non_identifiers_are_rejected_as_such
Library	python/tests/test_namespace_validation.py::test_reachable_namespaces_have_no_defect
Library	python/tests/test_namespace_validation.py::test_the_predicate_agrees_with_the_parser
Library	python/tests/test_package_lifetime.py::test_decorator_accepts_package_lifetime
Library	python/tests/test_package_lifetime.py::test_package_lifetime_maps_to_its_own_scope
Library	python/tests/test_package_lifetime.py::test_session_maps_to_a_different_scope_than_package
Library	python/tests/test_package_lifetime_scope.py::test_async_teardown_boundary_covers_every_scope
Library	python/tests/test_package_lifetime_scope.py::test_descendant_packages_share_the_ancestor_instance
Library	python/tests/test_package_lifetime_scope.py::test_distinct_anchors_get_distinct_instances
Library	python/tests/test_package_lifetime_scope.py::test_end_package_does_not_dispose_a_shared_name_prefix_sibling
Library	python/tests/test_package_lifetime_scope.py::test_end_package_drains_teardowns
Library	python/tests/test_package_lifetime_scope.py::test_end_package_is_inert_for_an_unknown_anchor
Library	python/tests/test_package_lifetime_scope.py::test_one_instance_across_modules_in_the_anchor
Library	python/tests/test_package_lifetime_scope.py::test_the_boundary_table_covers_every_fixture_scope
Library	python/tests/test_parametrize_collection.py::test_collect_non_parametrize_has_none_param_id
Library	python/tests/test_parametrize_collection.py::test_collect_parametrize_expands_to_n_items
Library	python/tests/test_parametrize_collection.py::test_collect_parametrize_item_has_param_values
Library	python/tests/test_parametrize_collection.py::test_dataclass_parametrize_rejects_mixed_types
Library	python/tests/test_parametrize_collection.py::test_dataclass_parametrize_rejects_non_frozen
Library	python/tests/test_parametrize_collection.py::test_dict_parametrize_rejects_extra_key
Library	python/tests/test_parametrize_collection.py::test_dict_parametrize_rejects_missing_key
Library	python/tests/test_parametrize_collection.py::test_fixture_ref_no_session_returns_error
Library	python/tests/test_parametrize_composition.py::test_compact_mode
Library	python/tests/test_parametrize_composition.py::test_expanded_mode
Library	python/tests/test_parametrize_composition.py::test_fixture_ref_in_composition
Library	python/tests/test_parametrize_composition.py::test_three_layers
Library	python/tests/test_parametrize_decorator.py::test_dataclass_cases_items_yields_field_repr_pairs
Library	python/tests/test_parametrize_decorator.py::test_dataclass_cases_resolve_compact_mode
Library	python/tests/test_parametrize_decorator.py::test_dataclass_cases_resolve_expanded_mode
Library	python/tests/test_parametrize_decorator.py::test_dict_cases_items_yields_repr_pairs
Library	python/tests/test_parametrize_decorator.py::test_dict_cases_resolve_returns_kwargs_and_empty_fixrefs
Library	python/tests/test_parametrize_decorator.py::test_parametrize_multiple_cases
Library	python/tests/test_parametrize_decorator.py::test_parametrize_rejects_empty_cases
Library	python/tests/test_parametrize_decorator.py::test_parametrize_rejects_empty_cases_direct
Library	python/tests/test_parametrize_decorator.py::test_parametrize_rejects_non_dataclass
Library	python/tests/test_parametrize_decorator.py::test_parametrize_rejects_non_dataclass_non_dict_direct
Library	python/tests/test_parametrize_decorator.py::test_parametrize_rejects_non_frozen_dataclass
Library	python/tests/test_parametrize_decorator.py::test_parametrize_rejects_wrong_instance_type
Library	python/tests/test_parametrize_decorator.py::test_parametrize_stamps_function
Library	python/tests/test_parametrize_dict.py::test_collect_dict_parametrize_expands_to_n_items
Library	python/tests/test_parametrize_dict.py::test_collect_dict_parametrize_item_has_param_values
Library	python/tests/test_parametrize_dict.py::test_executor_dict_mode_failure
Library	python/tests/test_parametrize_dict.py::test_executor_dict_mode_passes
Library	python/tests/test_parametrize_dict.py::test_executor_dict_mode_with_fixture
Library	python/tests/test_parametrize_dict.py::test_parametrize_dict_mode_excludes_fixture_params_from_schema
Library	python/tests/test_parametrize_dict.py::test_parametrize_dict_mode_multiple_cases
Library	python/tests/test_parametrize_dict.py::test_parametrize_dict_mode_rejects_extra_key
Library	python/tests/test_parametrize_dict.py::test_parametrize_dict_mode_rejects_missing_key
Library	python/tests/test_parametrize_dict.py::test_parametrize_dict_mode_rejects_non_dict_case
Library	python/tests/test_parametrize_dict.py::test_parametrize_dict_mode_stamps_function
Library	python/tests/test_parametrize_dict.py::test_parametrize_inferred_type_stamps_function
Library	python/tests/test_parametrize_dict.py::test_parametrize_rejects_invalid_case_type
Library	python/tests/test_parametrize_dispatch.py::test_compact_mode_no_fixrefs_returns_single_kwarg
Library	python/tests/test_parametrize_dispatch.py::test_compact_mode_with_fixrefs_raises_parametrize_error
Library	python/tests/test_parametrize_dispatch.py::test_expanded_mode_spreads_fields_as_kwargs
Library	python/tests/test_parametrize_dispatch.py::test_expanded_mode_when_case_type_only_annotates_fixture_param
Library	python/tests/test_parametrize_execution.py::test_executor_parametrize_case_with_fixture
Library	python/tests/test_parametrize_execution.py::test_executor_parametrize_failure
Library	python/tests/test_parametrize_execution.py::test_executor_runs_parametrize_case
Library	python/tests/test_parametrize_execution.py::test_fixture_annotated_param_resolved_alongside_plain_param
Library	python/tests/test_parametrize_execution.py::test_fixture_ref_compact_mode_raises
Library	python/tests/test_parametrize_execution.py::test_fixture_ref_falls_back_to_flat_lookup_when_no_namespace
Library	python/tests/test_parametrize_execution.py::test_fixture_ref_in_parametrize_resolves_fixture
Library	python/tests/test_parametrize_execution.py::test_fixture_ref_no_session_returns_error
Library	python/tests/test_parametrize_execution.py::test_fixture_ref_unregistered_fixture_errors
Library	python/tests/test_parametrize_execution.py::test_fixture_ref_uses_namespace_qualified_lookup_when_namespace_present
Library	python/tests/test_parametrize_execution.py::test_parametrize_rejects_non_callable_for_fixture_ref_field
Library	python/tests/test_parametrize_execution.py::test_plain_typed_param_matching_fixture_raises_unannotated_error
Library	python/tests/test_parametrize_execution.py::test_plain_typed_param_not_resolved_as_fixture
Library	python/tests/test_parametrize_partial.py::test_collect_composed_3_layers
Library	python/tests/test_parametrize_partial.py::test_collect_composed_parametrize_expands_cartesian_product
Library	python/tests/test_parametrize_partial.py::test_collect_composed_parametrize_has_merged_param_values
Library	python/tests/test_parametrize_partial.py::test_collect_composed_rejects_incomplete_fields
Library	python/tests/test_parametrize_partial.py::test_collect_composed_rejects_single_partial_layer
Library	python/tests/test_parametrize_partial.py::test_executor_composed_compact_mode
Library	python/tests/test_parametrize_partial.py::test_executor_composed_parametrize_failure
Library	python/tests/test_parametrize_partial.py::test_executor_composed_parametrize_passes
Library	python/tests/test_parametrize_partial.py::test_executor_composed_with_fixture
Library	python/tests/test_parametrize_partial.py::test_executor_composed_with_fixture_ref
Library	python/tests/test_parametrize_partial.py::test_parametrize_rejects_mixing_partial_and_full
Library	python/tests/test_parametrize_partial.py::test_parametrize_rejects_overlapping_fields
Library	python/tests/test_parametrize_partial.py::test_parametrize_rejects_partial_different_target_type
Library	python/tests/test_parametrize_partial.py::test_parametrize_single_dict_is_1_tuple
Library	python/tests/test_parametrize_partial.py::test_parametrize_single_full_dataclass_is_1_tuple
Library	python/tests/test_parametrize_partial.py::test_parametrize_stacks_partial_layers
Library	python/tests/test_parametrize_partial.py::test_partial_cases_items_yields_field_repr_pairs
Library	python/tests/test_parametrize_partial.py::test_partial_detects_fixref_fields
Library	python/tests/test_parametrize_partial.py::test_partial_rejects_empty_fields
Library	python/tests/test_parametrize_partial.py::test_partial_rejects_non_callable_fixref
Library	python/tests/test_parametrize_partial.py::test_partial_rejects_non_dataclass
Library	python/tests/test_parametrize_partial.py::test_partial_rejects_unknown_field
Library	python/tests/test_parametrize_partial.py::test_partial_stores_target_type_and_fields
Library	python/tests/test_plugin_async_backend.py::test_null_async_backend_acquire_session_raises
Library	python/tests/test_plugin_async_backend.py::test_null_async_backend_is_structural_backend
Library	python/tests/test_plugin_async_backend.py::test_null_async_backend_name_is_sentinel
Library	python/tests/test_plugin_async_backend.py::test_plugin_accepts_async_backend
Library	python/tests/test_plugin_async_backend.py::test_plugin_async_backend_default_is_null_singleton
Library	python/tests/test_plugin_async_backend.py::test_plugin_coverage_provider_default_is_null_singleton
Library	python/tests/test_plugin_async_backend.py::test_plugin_debugger_backend_default_is_null_singleton
Library	python/tests/test_plugin_async_backend.py::test_registry_entries_contain_async_backend
Library	python/tests/test_plugin_async_backend.py::test_resolve_backend_null_name_is_never_matched
Library	python/tests/test_plugin_config.py::test_introspect_detects_optional
Library	python/tests/test_plugin_config.py::test_introspect_extracts_fields
Library	python/tests/test_plugin_config.py::test_introspect_rejects_non_dataclass
Library	python/tests/test_plugin_config.py::test_introspect_rejects_unannotated_field
Library	python/tests/test_plugin_config.py::test_merge_cli_only_ignores_pyproject
Library	python/tests/test_plugin_config.py::test_merge_conf_only_ignores_cli
Library	python/tests/test_plugin_config.py::test_merge_missing_required_field_raises
Library	python/tests/test_plugin_config.py::test_merge_precedence_cli_over_env_over_pyproject
Library	python/tests/test_plugin_config_e2e.py::test_full_flow_introspect_merge_construct
Library	python/tests/test_plugin_config_e2e.py::test_plugin_loader_discovers_and_activates_typed_config
Library	python/tests/test_plugin_integration.py::test_missing_plugin_exits_with_error
Library	python/tests/test_plugin_integration.py::test_plugin_collector_discovers_extra_items
Library	python/tests/test_plugin_integration.py::test_plugin_execution_wrapper_retries
Library	python/tests/test_plugin_integration.py::test_plugin_fixture_provider_injected_in_test
Library	python/tests/test_plugin_integration.py::test_plugin_loads_and_entry_called
Library	python/tests/test_plugin_integration.py::test_plugin_log_backend_captures_records
Library	python/tests/test_plugin_integration.py::test_plugin_receives_config
Library	python/tests/test_plugin_integration.py::test_plugin_reporter_receives_events
Library	python/tests/test_plugin_lazy.py::test_activate_entry_exception_wrapped_in_plugin_load_error
Library	python/tests/test_plugin_lazy.py::test_activate_entry_import_error_raises_plugin_load_error
Library	python/tests/test_plugin_lazy.py::test_activate_entry_imports_module
Library	python/tests/test_plugin_lazy.py::test_activate_entry_missing_entry_point_raises_plugin_load_error
Library	python/tests/test_plugin_lazy.py::test_activated_plugin_entry_default_declared_protocols_is_empty
Library	python/tests/test_plugin_lazy.py::test_activated_plugin_entry_plugin_accessible
Library	python/tests/test_plugin_lazy.py::test_builder_add_entry_appends_deferred_entry
Library	python/tests/test_plugin_lazy.py::test_builder_builds_registry_with_deferred_non_fixture_plugin
Library	python/tests/test_plugin_lazy.py::test_deferred_fixture_plugin_activated_in_phase_2
Library	python/tests/test_plugin_lazy.py::test_deferred_fixture_plugin_loaded_via_activate_entry
Library	python/tests/test_plugin_lazy.py::test_deferred_plugin_entry_is_not_activated
Library	python/tests/test_plugin_lazy.py::test_eager_protocols_constant_contains_expected_values
Library	python/tests/test_plugin_lazy.py::test_lazy_protocols_constant_contains_expected_values
Library	python/tests/test_plugin_lazy.py::test_load_plugins_defers_lazy_only_plugin
Library	python/tests/test_plugin_lazy.py::test_load_plugins_eager_imports_plugin_with_eager_protocol
Library	python/tests/test_plugin_lazy.py::test_load_plugins_eager_imports_plugin_with_no_protocols_declared
Library	python/tests/test_plugin_lazy.py::test_mixed_protocols_imported_eagerly
Library	python/tests/test_plugin_lazy.py::test_plugin_with_eager_protocol_imported_immediately
Library	python/tests/test_plugin_lazy.py::test_plugin_with_only_lazy_protocols_not_eager
Library	python/tests/test_plugin_lazy.py::test_plugin_without_protocol_declaration_imported_eagerly
Library	python/tests/test_plugin_loader.py::test_activate_deferred_plugins_rejects_invalid_cli_json
Library	python/tests/test_plugin_loader.py::test_activate_deferred_plugins_rejects_invalid_settings_json
Library	python/tests/test_plugin_loader.py::test_activated_plugin_entry_construction
Library	python/tests/test_plugin_loader.py::test_conflicting_debugger_backends_raises
Library	python/tests/test_plugin_loader.py::test_deferred_plugin_entry_construction
Library	python/tests/test_plugin_loader.py::test_fixture_provider_scope_custom
Library	python/tests/test_plugin_loader.py::test_fixture_provider_scope_default
Library	python/tests/test_plugin_loader.py::test_flatten_protocol_returns_empty_for_no_plugins
Library	python/tests/test_plugin_loader.py::test_load_empty_plugins_returns_empty_registry
Library	python/tests/test_plugin_loader.py::test_load_entry_raises_wraps_error
Library	python/tests/test_plugin_loader.py::test_load_missing_module_raises
Library	python/tests/test_plugin_loader.py::test_load_no_entry_function_raises
Library	python/tests/test_plugin_loader.py::test_load_plugin_receives_config
Library	python/tests/test_plugin_loader.py::test_load_valid_plugin
Library	python/tests/test_plugin_loader.py::test_load_wrong_return_type_raises
Library	python/tests/test_plugin_loader.py::test_needs_eager_import_module_fn
Library	python/tests/test_plugin_loader.py::test_null_debugger_is_structural_backend
Library	python/tests/test_plugin_loader.py::test_null_debugger_post_mortem_raises
Library	python/tests/test_plugin_loader.py::test_null_debugger_trace_raises
Library	python/tests/test_plugin_loader.py::test_registry_aggregates_across_plugins
Library	python/tests/test_plugin_loader.py::test_registry_builder_still_rejects_two_real_debuggers
Library	python/tests/test_plugin_loader.py::test_registry_coverage_defaults_to_null_singleton
Library	python/tests/test_plugin_loader.py::test_registry_debugger_defaults_to_null_singleton
Library	python/tests/test_plugin_loader.py::test_resolve_debugger_backend_falls_back_to_pdb_with_null_registry
Library	python/tests/test_plugin_loader.py::test_resolve_debugger_backend_returns_null_when_debug_mode_is_off
Library	python/tests/test_plugin_loader.py::test_resolve_debugger_backend_returns_plugin_backend_when_registered
Library	python/tests/test_plugin_loader.py::test_single_debugger_backend_is_valid
Library	python/tests/test_plugin_result_factories.py::test_factory_produces_frozen_result_with_correct_shape
Library	python/tests/test_plugin_result_factories.py::test_factory_rejects_positional_arguments
Library	python/tests/test_plugin_result_factories.py::test_runner_produced_variants_not_importable_from_plugin
Library	python/tests/test_plugin_result_factories.py::test_status_kind_is_strenum_covering_all_outcomes
Library	python/tests/test_plugin_result_factories.py::test_test_result_union_covers_all_eight_variants
Library	python/tests/test_plugin_result_factories.py::test_variant_classes_publicly_importable_from_plugin
Library	python/tests/test_plugin_result_factories.py::test_warned_result_field_set_locked_to_factory_awareness
Library	python/tests/test_plugin_result_factories.py::test_wrapper_returning_factory_result_reaches_consumer_intact
Library	python/tests/test_plugin_two_phase.py::test_activate_deferred_returns_new_registry
Library	python/tests/test_plugin_two_phase.py::test_activate_plugin_with_typed_config
Library	python/tests/test_plugin_two_phase.py::test_backwards_compat_dict_config
Library	python/tests/test_plugin_two_phase.py::test_discover_cli_extensions_reads_attribute
Library	python/tests/test_plugin_two_phase.py::test_plugin_without_extension_has_no_cli
Library	python/tests/test_plugin_two_phase.py::test_user_prefix_override
Library	python/tests/test_post_review_findings.py::test_a_comment_body_leads_with_its_marker	tooling
Library	python/tests/test_post_review_findings.py::test_a_file_with_no_patch_is_anchorable_only_at_file_level	tooling
Library	python/tests/test_post_review_findings.py::test_a_line_between_hunks_is_not_anchorable	tooling
Library	python/tests/test_post_review_findings.py::test_a_line_inside_a_hunk_is_anchorable	tooling
Library	python/tests/test_post_review_findings.py::test_a_patch_with_no_hunks_yields_no_commentable_lines	tooling
Library	python/tests/test_post_review_findings.py::test_a_path_outside_the_diff_is_not_in_the_diff	tooling
Library	python/tests/test_post_review_findings.py::test_a_well_formed_spec_is_accepted	tooling
Library	python/tests/test_post_review_findings.py::test_existing_markers_ignores_disposition_replies	tooling
Library	python/tests/test_post_review_findings.py::test_existing_markers_reads_thread_openers	tooling
Library	python/tests/test_post_review_findings.py::test_paged_flattens_the_pages_gh_slurp_returns	tooling
Library	python/tests/test_post_review_findings.py::test_paged_handles_a_single_page	tooling
Library	python/tests/test_post_review_findings.py::test_the_hunk_header_range_is_the_commentable_set	tooling
Library	python/tests/test_post_review_findings.py::test_the_marker_form_agrees_across_both_scripts	tooling
Library	python/tests/test_post_review_findings.py::test_the_marker_is_namespaced_by_pass_slug	tooling
Library	python/tests/test_post_review_findings.py::test_the_review_body_states_where_every_finding_went	tooling
Library	python/tests/test_post_review_findings.py::test_the_script_is_executable_and_documents_itself	tooling
Library	python/tests/test_post_review_findings.py::test_validation_refuses_to_duplicate_an_existing_marker	tooling
Library	python/tests/test_post_review_findings.py::test_validation_rejects_a_boolean_finding_id	tooling
Library	python/tests/test_post_review_findings.py::test_validation_rejects_a_finding_in_an_untouched_file	tooling
Library	python/tests/test_post_review_findings.py::test_validation_rejects_a_non_integer_finding_id	tooling
Library	python/tests/test_post_review_findings.py::test_validation_rejects_a_slug_that_cannot_appear_in_a_marker	tooling
Library	python/tests/test_post_review_findings.py::test_validation_rejects_a_slug_that_is_not_a_string	tooling
Library	python/tests/test_post_review_findings.py::test_validation_rejects_an_inline_anchor_on_a_patch_less_file	tooling
Library	python/tests/test_post_review_findings.py::test_validation_rejects_an_off_diff_finding_with_no_issue	tooling
Library	python/tests/test_post_review_findings.py::test_validation_reports_every_problem_not_just_the_first	tooling
Library	python/tests/test_provided_type.py::test_a_fixture_that_does_not_yield_provides_its_binding_type
Library	python/tests/test_provided_type.py::test_a_generator_fixture_provides_its_yield_type
Library	python/tests/test_provided_type.py::test_every_yielding_spelling_provides_its_element_type
Library	python/tests/test_provided_type.py::test_the_binding_type_of_a_yield_fixture_is_not_unwrapped
Library	python/tests/test_provided_type.py::test_the_mismatch_error_names_all_three_parts
Library	python/tests/test_proxy.py::test_frozen_proxy_bool_falsy
Library	python/tests/test_proxy.py::test_frozen_proxy_bool_truthy
Library	python/tests/test_proxy.py::test_frozen_proxy_contains
Library	python/tests/test_proxy.py::test_frozen_proxy_eq
Library	python/tests/test_proxy.py::test_frozen_proxy_format_honours_spec
Library	python/tests/test_proxy.py::test_frozen_proxy_iter
Library	python/tests/test_proxy.py::test_frozen_proxy_len
Library	python/tests/test_proxy.py::test_frozen_proxy_raises_on_delattr
Library	python/tests/test_proxy.py::test_frozen_proxy_raises_on_delitem
Library	python/tests/test_proxy.py::test_frozen_proxy_raises_on_setattr
Library	python/tests/test_proxy.py::test_frozen_proxy_raises_on_setitem
Library	python/tests/test_proxy.py::test_frozen_proxy_reads_attribute_through
Library	python/tests/test_proxy.py::test_frozen_proxy_reads_item_through
Library	python/tests/test_proxy.py::test_frozen_proxy_repr
Library	python/tests/test_proxy.py::test_frozen_proxy_repr_still_shows_wrapper
Library	python/tests/test_proxy.py::test_frozen_proxy_string_conversion_forwards_to_wrapped
Library	python/tests/test_proxy.py::test_frozen_proxy_wrapped_slot_is_an_accepted_escape_hatch
Library	python/tests/test_proxy.py::test_shared_fixture_mutation_error_is_runtime_error
Library	python/tests/test_proxy_ns.py::test_an_unreachable_segment_is_inert_until_a_leaf_is_touched
Library	python/tests/test_proxy_ns.py::test_fixtures_proxy_caches_namespace_proxy_on_repeated_access
Library	python/tests/test_proxy_ns.py::test_fixtures_proxy_getattr_returns_namespace_proxy
Library	python/tests/test_proxy_ns.py::test_fixtures_proxy_getattr_returns_oxi_proxy
Library	python/tests/test_proxy_ns.py::test_fixtures_proxy_raises_outside_session
Library	python/tests/test_proxy_ns.py::test_fixtures_proxy_resolves_namespace_and_accessor
Library	python/tests/test_proxy_ns.py::test_fixtures_proxy_unknown_namespace_raises
Library	python/tests/test_proxy_ns.py::test_full_pipeline_fx_namespace_access
Library	python/tests/test_proxy_ns.py::test_full_pipeline_fx_oxi_tmp
Library	python/tests/test_proxy_ns.py::test_full_pipeline_two_namespaces_same_fixture_name
Library	python/tests/test_proxy_ns.py::test_namespace_proxy_is_lazy
Library	python/tests/test_proxy_ns.py::test_namespace_proxy_isolates_namespaces
Library	python/tests/test_proxy_ns.py::test_namespace_proxy_resolves_fixture
Library	python/tests/test_proxy_ns.py::test_oxi_proxy_caches_builtin_on_repeated_access
Library	python/tests/test_proxy_ns.py::test_oxi_proxy_cap_injects_stdcapture
Library	python/tests/test_proxy_ns.py::test_oxi_proxy_log_injects_logcapture
Library	python/tests/test_proxy_ns.py::test_oxi_proxy_no_longer_resolves_ctx
Library	python/tests/test_proxy_ns.py::test_oxi_proxy_patch_injects_patcher
Library	python/tests/test_proxy_ns.py::test_oxi_proxy_tmp_injects_tempdir
Library	python/tests/test_proxy_ns.py::test_oxi_proxy_unknown_raises_with_available_list
Library	python/tests/test_proxy_ns.py::test_shared_fixture_accessed_via_namespace_is_frozen_proxy
Library	python/tests/test_proxy_ns.py::test_unknown_segment_names_the_modern_declaration_route
Library	python/tests/test_public_api.py::test_builtin_type_exported
Library	python/tests/test_public_api.py::test_exception_types_in_all
Library	python/tests/test_public_api.py::test_injectable_exported_from_oxitest
Library	python/tests/test_public_api.py::test_internal_types_not_in_all
Library	python/tests/test_public_api.py::test_plugin_config_types_importable
Library	python/tests/test_public_api.py::test_plugin_config_types_in_all
Library	python/tests/test_public_api.py::test_shared_fixture_mutation_error_importable_from_oxitest
Library	python/tests/test_public_api.py::test_yields_exported_from_oxitest
Library	python/tests/test_public_fixture_export.py::test_oxi_fixture_is_the_real_decorator
Library	python/tests/test_public_fixture_export.py::test_oxi_fixture_works_via_public_namespace
Library	python/tests/test_raises.py::test_raises_catches_expected_exception
Library	python/tests/test_raises.py::test_raises_exc_info_value_holds_exception
Library	python/tests/test_raises.py::test_raises_exported_from_oxitest
Library	python/tests/test_raises.py::test_raises_match_fails_when_pattern_not_found
Library	python/tests/test_raises.py::test_raises_match_passes_when_pattern_found
Library	python/tests/test_raises.py::test_raises_match_uses_regex_search_not_full_match
Library	python/tests/test_raises.py::test_raises_no_exception_raises_assertion_error
Library	python/tests/test_raises.py::test_raises_subclass_caught_by_parent_type
Library	python/tests/test_raises.py::test_raises_tuple_catches_matching_type
Library	python/tests/test_raises.py::test_raises_tuple_no_exception_names_all_types
Library	python/tests/test_raises.py::test_raises_tuple_wrong_type_reraises
Library	python/tests/test_raises.py::test_raises_wrong_type_reraises
Library	python/tests/test_resolve_deps.py::test_reject_async_in_sync_passes_on_sync_value
Library	python/tests/test_resolve_deps.py::test_reject_async_in_sync_raises_on_async_gen
Library	python/tests/test_resolve_deps.py::test_reject_async_in_sync_raises_on_coroutine
Library	python/tests/test_resolve_deps.py::test_reject_nonshared_async_passes_on_sync_value
Library	python/tests/test_resolve_deps.py::test_reject_nonshared_async_raises_on_coroutine
Library	python/tests/test_resolve_strategy.py::test_arrange_only
Library	python/tests/test_resolve_strategy.py::test_arrange_wins_when_used_shared_false
Library	python/tests/test_resolve_strategy.py::test_fresh_when_nothing
Library	python/tests/test_resolve_strategy.py::test_shared_wins_when_used_shared_and_present
Library	python/tests/test_resolve_strategy.py::test_used_shared_true_all_none_falls_all_the_way_to_fresh
Library	python/tests/test_resolve_strategy.py::test_used_shared_true_but_shared_none_falls_back_to_arrange
Library	python/tests/test_result.py::test_failure_repr_all_fields
Library	python/tests/test_result.py::test_failure_repr_includes_file_and_lineno
Library	python/tests/test_result.py::test_failure_repr_includes_left_right_op
Library	python/tests/test_result.py::test_failure_repr_includes_message
Library	python/tests/test_result.py::test_failure_repr_includes_source_line
Library	python/tests/test_result.py::test_failure_repr_left_only_without_right
Library	python/tests/test_result.py::test_failure_repr_no_fields_falls_back_to_status
Library	python/tests/test_result.py::test_failure_repr_not_present_on_non_failure_types
Library	python/tests/test_result.py::test_to_wire_includes_frames
Library	python/tests/test_result.py::test_to_wire_includes_no_message_lines
Library	python/tests/test_result.py::test_to_wire_includes_non_falsy_fields
Library	python/tests/test_result.py::test_to_wire_includes_strict_when_true
Library	python/tests/test_result.py::test_to_wire_omits_empty_frames
Library	python/tests/test_result.py::test_to_wire_omits_empty_no_message_lines
Library	python/tests/test_result.py::test_to_wire_omits_strict_when_false
Library	python/tests/test_result.py::test_to_wire_passing_test_is_compact
Library	python/tests/test_rollup_results_check.py::test_a_rollup_carrying_one_gate_is_refused	tooling
Library	python/tests/test_rollup_results_check.py::test_every_required_job_is_found_and_carries_both_gates	tooling
Library	python/tests/test_rollup_results_check.py::test_the_change_filter_guard_reaches_the_right_verdict	tooling
Library	python/tests/test_rollup_results_check.py::test_the_results_program_is_identical_in_every_rollup	tooling
Library	python/tests/test_rollup_results_check.py::test_the_results_program_reaches_the_right_verdict	tooling
Library	python/tests/test_session_middlewares.py::test_async_bridge_middleware_acquires_backend_session
Library	python/tests/test_session_middlewares.py::test_session_run_middleware_skips_sync_test
Library	python/tests/test_session_middlewares.py::test_session_run_middleware_wraps_via_session_run
Library	python/tests/test_shortcut_miss_message.py::test_a_segment_that_is_not_a_test_module_keeps_the_spelling_advice
Library	python/tests/test_shortcut_miss_message.py::test_a_test_module_stem_is_not_advised_the_qualified_form
Library	python/tests/test_shortcut_miss_message.py::test_the_remedy_holds_for_a_bare_shortcut_to_a_declaration_home
Library	python/tests/test_streams.py::test_force_utf8_streams_preserves_each_error_handler
Library	python/tests/test_streams.py::test_force_utf8_streams_skips_a_stream_that_is_not_a_text_wrapper
Library	python/tests/test_streams.py::test_force_utf8_streams_switches_all_three_streams
Library	python/tests/test_syspath.py::test_a_non_str_sys_path_entry_does_not_abort_the_append
Library	python/tests/test_syspath.py::test_appends_at_the_end_not_the_front
Library	python/tests/test_syspath.py::test_create_session_rootdir_is_keyword_only
Library	python/tests/test_syspath.py::test_create_session_with_rootdir_appends
Library	python/tests/test_syspath.py::test_create_session_without_rootdir_leaves_sys_path_alone
Library	python/tests/test_syspath.py::test_missing_directory_is_appended_anyway
Library	python/tests/test_syspath.py::test_second_call_is_a_no_op
Library	python/tests/test_syspath.py::test_symlinked_argument_is_appended_in_its_resolved_form
Library	python/tests/test_syspath.py::test_symlinked_entry_yields_one_duplicate_and_no_more
Library	python/tests/test_syspath.py::test_trailing_slash_is_the_same_directory
Library	python/tests/test_test_identity.py::test_test_identity_exposes_the_four_identity_fields
Library	python/tests/test_test_identity.py::test_test_identity_is_exported_from_the_package
Library	python/tests/test_test_identity.py::test_the_refusal_names_a_route_that_exists
Library	python/tests/test_test_kind.py::test_from_wire_empty_string_yields_parametrized
Library	python/tests/test_test_kind.py::test_from_wire_none_yields_solitary
Library	python/tests/test_test_kind.py::test_from_wire_str_yields_parametrized
Library	python/tests/test_test_kind.py::test_parametrized_round_trips_through_wire
Library	python/tests/test_test_kind.py::test_solitary_round_trips_through_wire
Library	python/tests/test_testcontext_current.py::test_current_refuses_outside_a_test
Library	python/tests/test_testcontext_current.py::test_current_returns_the_running_test_from_a_test_body
Library	python/tests/test_testcontext_current.py::test_run_context_carries_the_test_identity
Library	python/tests/test_testcontext_current.py::test_the_alias_refuses_wherever_the_classmethod_refuses
Library	python/tests/test_testcontext_current.py::test_the_error_names_the_position_it_refused
Library	python/tests/test_testcontext_current.py::test_the_module_level_alias_reaches_the_same_context
Library	python/tests/test_testcontext_identity.py::test_addfinalizer_still_works_outside_a_test
Library	python/tests/test_testcontext_identity.py::test_identity_reads_raise_outside_a_test
Library	python/tests/test_testcontext_identity.py::test_identity_reads_still_work_on_a_test
Library	python/tests/test_testcontext_identity.py::test_module_path_still_works_outside_a_test
Library	python/tests/test_testcontext_identity.py::test_the_by_type_route_also_refuses_identity
Library	python/tests/test_timeout_type.py::test_parse_timeout_int_yields_timeout_set
Library	python/tests/test_timeout_type.py::test_parse_timeout_none_yields_timeout_off
Library	python/tests/test_timeout_type.py::test_parse_timeout_zero_yields_timeout_set_zero
Library	python/tests/test_timeout_type.py::test_timeout_middleware_defers_to_mark
Library	python/tests/test_timeout_type.py::test_timeout_middleware_off_passes_through
Library	python/tests/test_timeout_type.py::test_timeout_middleware_set_wraps_next
Library	python/tests/test_union_annotation.py::test_a_union_annotated_parameter_is_collected
Library	python/tests/test_union_annotation.py::test_a_union_typed_fixture_does_not_break_arranged_type_lookup
Library	python/tests/test_union_annotation.py::test_an_unknown_union_names_itself_in_the_not_found_error
Library	python/tests/test_union_annotation.py::test_the_display_name_accepts_any_annotation_form
Library	python/tests/test_union_annotation.py::test_two_union_typed_fixtures_name_the_union_in_the_ambiguity
Library	python/tests/test_usage_error_exit_code.py::test_a_defective_plugin_is_not_a_usage_error
Library	python/tests/test_usage_error_exit_code.py::test_an_absent_async_backend_is_a_usage_error
Library	python/tests/test_usage_error_exit_code.py::test_an_absent_plugin_is_a_usage_error
Library	python/tests/test_usage_error_exit_code.py::test_internal_error_is_not_a_usage_error
Library	python/tests/test_usage_error_exit_code.py::test_usage_error_votes_the_usage_exit_code
Library	python/tests/test_usage_error_exit_vote.py::test_a_fixture_body_exception_is_not_a_usage_error
Library	python/tests/test_usage_error_exit_vote.py::test_an_assertion_failure_is_not_a_usage_error
Library	python/tests/test_usage_error_exit_vote.py::test_the_async_dependency_guard_raises_a_usage_error
Library	python/tests/test_usage_error_exit_vote.py::test_the_wire_form_carries_the_usage_flag
Library	python/tests/test_usage_error_exit_vote.py::test_wiring_errors_are_usage_errors
Library	python/tests/test_visibility.py::test_anchor_depth_orders_nested_anchors
Library	python/tests/test_visibility.py::test_anchors_overlap_decides_real_collisions
Library	python/tests/test_visibility.py::test_boundary_error_appends_the_leaf_fact_without_leading_with_it
Library	python/tests/test_visibility.py::test_boundary_error_names_anchor_test_and_exits
Library	python/tests/test_visibility.py::test_is_visible_over_nine_topologies
Library	python/tests/test_visibility.py::test_visibility_is_not_symmetric
Library	python/tests/test_warncapture.py::test_warncapture_and_oxitest_warns_can_coexist
Library	python/tests/test_warncapture.py::test_warncapture_captured_ids_survives_clear
Library	python/tests/test_warncapture.py::test_warncapture_captures_multiple_warning_categories
Library	python/tests/test_warncapture.py::test_warncapture_captures_warnings_emitted_during_test
Library	python/tests/test_warncapture.py::test_warncapture_clear_resets_list
Library	python/tests/test_warns.py::test_warns_catches_expected_warning
Library	python/tests/test_warns.py::test_warns_exported_from_oxitest
Library	python/tests/test_warns.py::test_warns_match_fails_when_pattern_not_found
Library	python/tests/test_warns.py::test_warns_match_passes_when_pattern_found
Library	python/tests/test_warns.py::test_warns_no_warning_raises_assertion_error
Library	python/tests/test_warns.py::test_warns_subclass_caught_by_parent_category
Library	python/tests/test_warns.py::test_warns_wrong_category_raises_assertion_error
Library	python/tests/test_worker.py::test_emit_writes_json_line_to_stdout
Library	python/tests/test_worker_protocol.py::test_absent_version_exits
Library	python/tests/test_worker_protocol.py::test_end_module_fires_per_module_then_the_wider_drains_once
Library	python/tests/test_worker_protocol.py::test_end_package_is_inert_without_package_declarations
Library	python/tests/test_worker_protocol.py::test_end_task_session_continues_after_a_failing_end_module
Library	python/tests/test_worker_protocol.py::test_end_task_session_drains_each_module_exactly_once
Library	python/tests/test_worker_protocol.py::test_matching_version_is_accepted
Library	python/tests/test_worker_protocol.py::test_mismatch_message_names_both_versions_and_the_fix
Library	python/tests/test_worker_protocol.py::test_mismatched_version_exits
Library	python/tests/test_worker_session_teardown.py::test_end_module_failure_does_not_skip_the_wider_drains
Library	python/tests/test_worker_session_teardown.py::test_end_task_session_calls_every_teardown_in_order
Library	python/tests/test_worker_session_teardown.py::test_teardown_failure_is_reported_and_swallowed
Library	src/assert_rewriter.rs::tests::bare_assert_ctx_into_py_dict_sorted
Library	src/pipeline_contract_tests.rs::context_threading_tests::full_pure_rust_chain_strict_filter
Library	src/pipeline_contract_tests.rs::context_threading_tests::strict_skipped_preserves_all_items_for_filter
Library	src/pipeline_contract_tests.rs::context_threading_tests::strict_then_filter_threads_clean_items
Library	src/pipeline_contract_tests.rs::filter_phase_contract_tests::expression_filter_reduces_items
Library	src/pipeline_contract_tests.rs::filter_phase_contract_tests::no_filters_passes_all_items
Library	src/pipeline_contract_tests.rs::strict_phase_contract_tests::strict_abort_with_violations_exits
Library	src/pipeline_contract_tests.rs::strict_phase_contract_tests::strict_enforce_no_violations_passes_all_items
Library	src/pipeline_contract_tests.rs::strict_phase_contract_tests::strict_enforce_partitions_items
Library	src/pipeline_phase_tests.rs::filter_last_failed_tests::failed_first_with_no_cache_preserves_order
Library	src/pipeline_phase_tests.rs::filter_last_failed_tests::failed_only_with_no_cache_runs_all
Library	src/pipeline_phase_tests.rs::filter_last_failed_tests::no_failed_mode_passes_all
Library	src/pipeline_phase_tests.rs::filter_preserves_violations_tests::strict_then_filter_carries_violations_through
Library	src/pipeline_phase_tests.rs::pipeline_shared_round_trip_tests::shared_fields_survive_state_transition_chain
Library	src/pipeline_phase_tests.rs::state_construction_tests::pipeline_collected_state_with_items
Library	src/pipeline_phase_tests.rs::strict_enforce_detailed_tests::enforce_multiple_violations_on_different_items
Library	src/pipeline_phase_tests.rs::strict_enforce_detailed_tests::enforce_preserves_test_files
Library	src/pipeline_phase_tests.rs::strict_enforce_detailed_tests::enforce_produces_suite_lines
Library	src/pipeline_phase_tests.rs::strict_or_skip_disabled_tests::strict_none_all_items_become_clean
Library	src/pipeline_phase_tests.rs::strict_or_skip_disabled_tests::strict_none_ignores_raw_violations
Library	src/pipeline_phase_tests.rs::strict_or_skip_disabled_tests::strict_none_with_empty_items
Library	src/prescan.rs::tests::is_stdlib_module_recognizes_os
Library	src/prescan.rs::tests::prescan_no_dynamic_flag_for_clean_file
